symbol,subject_group,horizon,n,mean_return,median_return,std_return,mean_volume_ratio,median_volume_ratio,mean_range,median_range
HAL,board_governance,5m,88,0.000503788803169845,0.0005000630051650301,0.004641030274502216,1.722126331034797,0.8349907039996637,0.007451988775060713,0.005399093990341219
HAL,board_governance,30m,88,-0.0005222354774455147,-0.00046982262948180864,0.008341989029359577,1.4046095483565617,0.8387120476747167,0.011550988276183201,0.008835755165577441
HAL,board_governance,60m,86,-0.0003852197853817867,-0.0008380469936698498,0.011842658331059176,1.3127162453561463,0.8510355331460686,0.014552517640188547,0.010501500214316284
HAL,board_governance,session_close,90,0.00014318827024413722,-0.002263304446084524,0.01413241651294648,1.238475057734533,1.0321467517880127,0.02075809762879275,0.016489594936866414
HAL,board_governance,d1,90,6.60957348125842e-05,2.8601077318057833e-05,0.021625493026460302,,,,
HAL,board_governance,d5,90,0.011377885305834678,0.012368155847659268,0.04400159409313738,,,,
HAL,board_governance,d10,90,0.017787266018188086,0.010466389657516784,0.06295508935325622,,,,
HAL,board_governance,d20,87,0.019379317416466226,-0.017913403546673923,0.10895833371263236,,,,
HAL,business_updates,5m,93,-0.00034443294049918,0.00022552999548941521,0.007867036725610605,2.479901328731328,1.4248631378387056,0.010541362790264904,0.007728740581270044
HAL,business_updates,30m,92,0.0003797857069587303,0.00014686486150294886,0.009984298583099094,2.024143674111814,1.3594179731510996,0.014680896512602874,0.01135150453732725
HAL,business_updates,60m,87,0.0009903233179513816,0.001062862736871617,0.013717876008337114,1.8663938638224358,1.2665487691309132,0.017935327254446864,0.0150298685782555
HAL,business_updates,session_close,93,0.0019105110903444005,5.5753791257773244e-05,0.014498131920088596,1.5294641688875952,1.1850550366332164,0.023956362472517267,0.018989162750551403
HAL,business_updates,d1,93,0.004629027851237879,0.0016727344288103296,0.025202139418587448,,,,
HAL,business_updates,d5,93,0.014186199874684802,0.00988693299313792,0.0583603257886789,,,,
HAL,business_updates,d10,93,0.021353342536972904,0.004561847667725605,0.0845629488377791,,,,
HAL,business_updates,d20,92,0.03241720400861816,-0.011878465865371834,0.11578966945294332,,,,
HAL,capital_structure,5m,11,0.0019214259827313124,0.0012862031741658342,0.0031688471041141694,1.1035927300803452,0.9162582063393043,0.004063309949358551,0.002601657352091058
HAL,capital_structure,30m,10,0.0031506368498805614,0.0017278887270452126,0.00539314348658689,1.2001607404274677,1.0104167597166764,0.00799330371543181,0.007291170485531073
HAL,capital_structure,60m,10,0.0017320744256735577,5.547335076916404e-05,0.008108235760179022,1.1635880873856654,1.158935775585125,0.010707583250791908,0.007969007793770744
HAL,capital_structure,session_close,11,0.000513152516880979,-0.0012866755257439078,0.017017600430616175,1.3781173317093034,1.293342115653174,0.019273169803480664,0.014609504310138632
HAL,capital_structure,d1,11,0.0023436506043043944,0.00044295386951853644,0.01732804271182606,,,,
HAL,capital_structure,d5,11,0.025251984727877527,0.021915670020460354,0.05237406560709607,,,,
HAL,capital_structure,d10,11,0.040058908194418937,0.022282349196243834,0.08123644935660701,,,,
HAL,capital_structure,d20,11,0.024726022147154178,-0.0027420953827332895,0.12332836187036679,,,,
HAL,corporate_actions,5m,12,0.002979779102228741,0.0019893090772098443,0.00400036421316754,1.8800756894410071,0.8749528581434189,0.00761831910957006,0.006772597484125065
HAL,corporate_actions,30m,12,0.0005391447528633186,-0.0013117400736591955,0.005756258172085398,1.6744818188601343,0.8065907586586445,0.011424705906897389,0.010488413858165901
HAL,corporate_actions,60m,12,0.0015076590412355002,-0.0008072246607133682,0.009474854117676268,1.5325097259833962,0.7966591201820235,0.013925401754540526,0.013135329836796328
HAL,corporate_actions,session_close,12,0.0023317378807531284,0.0016901266333686493,0.01575363568637615,1.1945235625713857,0.8868617922717527,0.021221130542330085,0.017323240536789464
HAL,corporate_actions,d1,12,-0.001272891673327679,-0.0019171585691942772,0.028714492053211627,,,,
HAL,corporate_actions,d5,12,-8.03394541043223e-05,0.012922122468534303,0.039316326243388364,,,,
HAL,corporate_actions,d10,12,-0.010171688515374902,0.002469831146127477,0.05903926471941575,,,,
HAL,corporate_actions,d20,12,-0.03826677222484833,-0.051498397536870966,0.05615963344172413,,,,
HAL,credit_ratings,5m,5,-0.001062613482900754,-0.0009370494954348274,0.002973096125572989,2.590199206722287,1.9647472599378375,0.004538440658167042,0.00381034091195831
HAL,credit_ratings,30m,5,-0.00017598310736566258,1.2013455069626033e-05,0.003644619588957286,1.5071123722796853,1.1765257586923026,0.006323034498058,0.005297805642633158
HAL,credit_ratings,60m,5,0.0027108187894653523,0.0023185968284478164,0.004652348107945544,1.4040602708089511,1.2421673448761936,0.009182844461724526,0.009686520376175567
HAL,credit_ratings,session_close,5,0.007243615801374026,0.012253980193055014,0.015730352107274154,1.069528345057288,1.0781282481477763,0.01961021880062397,0.02033346028521854
HAL,credit_ratings,d1,5,0.008457622436861257,0.0044250012571025454,0.019405547012814498,,,,
HAL,credit_ratings,d5,5,0.015295166865059762,0.005249507210291604,0.030736186112691796,,,,
HAL,credit_ratings,d10,5,-0.013322959682320135,-0.01608050627658475,0.045695717246242655,,,,
HAL,credit_ratings,d20,5,0.029462030743086752,0.032609242218534895,0.07216801738390771,,,,
HAL,financial_results,5m,13,0.004745531791033917,0.0036660948480990996,0.010960299567921513,45.95499604714841,37.683481754995654,0.02144723048289502,0.02195730931166162
HAL,financial_results,30m,13,0.009524661140598143,0.008489254262922907,0.022791344632869154,23.367946774769532,23.564040210627095,0.03547692016767154,0.03641396245516915
HAL,financial_results,60m,13,0.0069577248930870516,0.005666414283271859,0.02532060523664036,12.058406448234201,10.026494425765351,0.036986864736888024,0.03673777203188977
HAL,financial_results,session_close,13,0.00823649542740783,-0.0014557857083437042,0.029305127426876628,7.408408409711743,6.514827504725898,0.03883420995319656,0.03673777203188977
HAL,financial_results,d1,13,0.012286632986032062,0.01562543326955601,0.030646202576569716,,,,
HAL,financial_results,d5,13,0.016248684705227053,0.018014530050787014,0.06515971634594948,,,,
HAL,financial_results,d10,12,0.008250042071752542,-0.015726610177747846,0.09086585267113687,,,,
HAL,financial_results,d20,12,0.05012254375092326,0.008968824014095766,0.14508690430410137,,,,
HAL,investor_communication,5m,17,0.000635326384582609,-2.0783971401150403e-05,0.004279930097245681,1.835800397273078,1.2310230774446798,0.012268785278788568,0.012446404259210286
HAL,investor_communication,30m,17,-0.00039254713075606736,0.0005915813424346439,0.01521720220538336,1.5494535560869964,1.131708521771343,0.0184752929166067,0.013285883748517247
HAL,investor_communication,60m,17,0.0035631550861384372,0.0020075531703438454,0.01983147420488417,1.4969628044680519,1.201397694351898,0.023388300014809783,0.021616268321668963
HAL,investor_communication,session_close,17,0.004119759210546995,0.0023852116875373586,0.02580917414770483,1.6681315522744118,1.2732059353588923,0.03681931703119936,0.03738736926790032
HAL,investor_communication,d1,17,0.013982647116709235,0.009477490958972545,0.03764100880125668,,,,
HAL,investor_communication,d5,17,0.027430608156396353,0.005881863906555207,0.08138558607383493,,,,
HAL,investor_communication,d10,17,0.035302244007806204,0.00041567942802500646,0.1043722852739514,,,,
HAL,investor_communication,d20,16,0.03950948237364538,0.01292330214479892,0.11064683456771017,,,,
HAL,regulatory_compliance,5m,20,-0.0006204097648008833,-0.0006106897911988263,0.0031077132623219426,1.7397610031710933,1.2703221247105738,0.006113291490601002,0.004405188754160183
HAL,regulatory_compliance,30m,19,-0.00026733780217777357,-0.0008164165931155987,0.0057817293838161735,1.4889746898602567,1.013930094659334,0.009522815091317373,0.007995930824008068
HAL,regulatory_compliance,60m,19,7.503725279718087e-05,0.001244539266483713,0.00797225049969124,1.4201425595875292,0.9607828312421794,0.01215857491435413,0.010154094930086455
HAL,regulatory_compliance,session_close,20,-0.0022650394918651896,-0.001085665127459945,0.016890947095349183,1.4739696869657706,0.8987486455882614,0.024036924159534945,0.015551795185812733
HAL,regulatory_compliance,d1,20,-0.007353114202190675,-0.0032933551791924365,0.02189224584306288,,,,
HAL,regulatory_compliance,d5,20,-0.01622102344598344,-0.0010590538657880288,0.06471497566297252,,,,
HAL,regulatory_compliance,d10,20,-0.012731728334611243,-0.008829926640887165,0.069419008654003,,,,
HAL,regulatory_compliance,d20,18,-0.004490152561629601,-0.01662297895196907,0.12202348124582434,,,,
HAL,strategic_transactions,5m,15,0.0008624246181124414,0.002888888888888941,0.006599992104014109,3.543680248128434,2.8405758451243304,0.01317743264383487,0.011120615911035081
HAL,strategic_transactions,30m,14,-0.000904193286147635,-0.001824430355959139,0.011261493510979362,2.773532786909682,2.2822770617576555,0.01823903749659661,0.017571428645482334
HAL,strategic_transactions,60m,14,-0.00019346668782128335,-0.0026160036163481726,0.010933262323994442,2.3755774227766877,2.1809699445256068,0.02001928476259981,0.01802287105904765
HAL,strategic_transactions,session_close,15,-0.0016482441755834095,-0.0038123167155424964,0.020589366869548913,1.932883339747261,1.544626476101905,0.028624969080855617,0.025310749017839917
HAL,strategic_transactions,d1,15,-0.00495729797670416,-0.01349982270401695,0.028000572540997717,,,,
HAL,strategic_transactions,d5,15,-0.005651693298388579,0.01185350286206388,0.06991393216828962,,,,
HAL,strategic_transactions,d10,15,0.01533217959778701,0.0019502558127755254,0.08791596854298668,,,,
HAL,strategic_transactions,d20,15,0.06754720657332196,0.06604919874366688,0.1585111392954842,,,,
HDFCBANK,board_governance,5m,74,-0.0005201370245338556,-0.00025002621016062543,0.0024615730591940692,1.3717720133509022,0.9448999540000974,0.008056257571287095,0.006455997281685333
HDFCBANK,board_governance,30m,74,-4.0389738615111546e-05,-0.0006133290807546765,0.005362988388593368,1.3244410217802332,0.9485481385606976,0.010746504177366906,0.00819768852422853
HDFCBANK,board_governance,60m,71,-9.580633473322268e-05,0.00048053820278703974,0.0055421355224862905,1.359843128390295,1.0959968393208641,0.012035868188863466,0.00920057248006545
HDFCBANK,board_governance,session_close,74,-0.0003242864681808659,-0.00029213419845502964,0.008359310744934796,1.0789047226895403,0.9448676591263354,0.016006201598373605,0.013606948290583398
HDFCBANK,board_governance,d1,74,-0.00035404510005299843,0.0019460517417376755,0.016509375207625403,,,,
HDFCBANK,board_governance,d5,74,0.0003625672543613081,0.0015031225086367117,0.03673131994223743,,,,
HDFCBANK,board_governance,d10,72,-0.0008077447243374178,0.0016728724839458753,0.04313187949057505,,,,
HDFCBANK,board_governance,d20,72,-0.008063448066854712,-0.0018355002746275884,0.06036633890104323,,,,
HDFCBANK,business_updates,5m,167,-6.154417544056215e-05,0.0,0.002894840914730563,1.7805525567416451,1.1552842243456807,0.00811253296196722,0.006622176591375872
HDFCBANK,business_updates,30m,165,-0.0005248564243816404,-0.0005937067088858106,0.004670894224416786,1.6531254092554668,1.1319266307176041,0.01016223149470895,0.008234217749313766
HDFCBANK,business_updates,60m,163,-6.148946197337276e-05,-0.0006823430610959358,0.005893888854469012,1.530036500682938,1.084217448111385,0.011587412232843142,0.009903791737408074
HDFCBANK,business_updates,session_close,167,-0.0006816153775650385,-0.001349031150355673,0.00895563821843411,1.238700777105095,1.0636236109772979,0.016658179005476774,0.014539181862986528
HDFCBANK,business_updates,d1,167,-0.001831885275685676,-0.0004887585532746819,0.015161374621565075,,,,
HDFCBANK,business_updates,d5,167,-0.0029448085866829047,0.001441299790356343,0.026312822519208294,,,,
HDFCBANK,business_updates,d10,167,-0.001112912526789806,-0.0034827025771999587,0.03601374162569993,,,,
HDFCBANK,business_updates,d20,164,-0.0007146233147472306,0.002624986267204421,0.050270743862480316,,,,
HDFCBANK,capital_structure,5m,165,-0.000298314743645293,-0.0002641310089804838,0.002035230172932675,1.2405532608544874,1.0053501685455866,0.004779279876500577,0.004366282595512416
HDFCBANK,capital_structure,30m,157,-0.00019348684168272843,-0.00041140976412512575,0.0038236587296880072,1.176829795955763,0.9784457357071025,0.006925123680700698,0.006590621039290312
HDFCBANK,capital_structure,60m,145,-0.00042656006484195703,-0.0005275652862042346,0.005231764143764387,1.141454190239607,0.97527125524045,0.008534110391787971,0.0079155672823219
HDFCBANK,capital_structure,session_close,168,-0.001035383815804218,-0.000810559826106283,0.007752963502485339,1.2160066483400083,1.0511944945828688,0.01222531600164023,0.011377710316403888
HDFCBANK,capital_structure,d1,168,0.00028589241612058563,0.0008116967864765234,0.013527213934282887,,,,
HDFCBANK,capital_structure,d5,167,0.0010959179467275471,0.00208904556730638,0.029007594191065533,,,,
HDFCBANK,capital_structure,d10,167,0.0038233967039862696,0.002698327037236936,0.04195320218901912,,,,
HDFCBANK,capital_structure,d20,166,0.002992762910400928,0.004892898601817186,0.06308322414078663,,,,
HDFCBANK,corporate_actions,5m,5,0.00010167046355111787,-0.0002011263073209424,0.00252888432080024,2.5413214982631223,2.6469270401282117,0.019030167374136164,0.021361256544502494
HDFCBANK,corporate_actions,30m,5,-0.000823224577521775,-0.0015757957768672837,0.004079878949223256,2.3364366915788404,2.6477310303464288,0.01947970156459968,0.021361256544502494
HDFCBANK,corporate_actions,60m,5,-0.00028390902288719653,0.001508447304907401,0.003786656914364104,2.4354378366437324,2.6988203196496676,0.02029154806892879,0.021361256544502494
HDFCBANK,corporate_actions,session_close,5,0.00046025306094590326,0.002458241411912976,0.006639590354378925,1.2172581086995824,1.2319656756213448,0.021000972052899015,0.021361256544502494
HDFCBANK,corporate_actions,d1,5,0.008085363719807703,0.008145615446500498,0.013042897695984417,,,,
HDFCBANK,corporate_actions,d5,5,0.002265175295514554,0.001441299790356343,0.008281136079680807,,,,
HDFCBANK,corporate_actions,d10,5,-0.007336312448842408,-0.003410500206697087,0.01207203469209702,,,,
HDFCBANK,corporate_actions,d20,5,-0.018520516954409816,-0.009301364200082651,0.022208735317436792,,,,
HDFCBANK,credit_ratings,5m,2,-0.001060524703310417,-0.001060524703310417,0.002342003250938398,0.6686990538467796,0.6686990538467796,0.002703503161348486,0.002703503161348486
HDFCBANK,credit_ratings,30m,2,0.00032862143208872707,0.00032862143208872707,0.002314502060394274,0.7084119495897797,0.7084119495897797,0.004056328953427557,0.004056328953427557
HDFCBANK,credit_ratings,60m,2,-0.00013447022070456338,-0.00013447022070456338,0.0009481449589122585,0.7795478688525708,0.7795478688525708,0.004895551978256418,0.004895551978256418
HDFCBANK,credit_ratings,session_close,3,0.0012385775124822789,0.000555387256387041,0.0014086138171260554,0.8414139875252492,0.7151009956687804,0.005846636428809819,0.0065689742294088305
HDFCBANK,credit_ratings,d1,3,-0.013771086865129623,0.0013079786698864115,0.028965479964598848,,,,
HDFCBANK,credit_ratings,d5,3,-0.03467413903112493,-0.032297011771808104,0.03506486065459821,,,,
HDFCBANK,credit_ratings,d10,3,-0.03795537749998216,-0.0331522285944259,0.041675832538499706,,,,
HDFCBANK,credit_ratings,d20,3,-0.015648152057133918,-0.018009860146896095,0.018518791158648237,,,,
HDFCBANK,financial_results,5m,14,-0.0013108618131374983,-0.0018720277493245452,0.003640928775688147,3.9253386827912293,2.4872902862262016,0.013816503846128996,0.011263799581142098
HDFCBANK,financial_results,30m,14,1.007633268227234e-05,-0.0011361681461536377,0.005927791306017621,3.2728729291967436,2.2360771133203476,0.016361624981750898,0.014935136933141191
HDFCBANK,financial_results,60m,14,0.002281600946561015,0.002377209947236114,0.007270271575726598,2.7148747841971512,2.106369337893124,0.017846844617603472,0.01674694289456724
HDFCBANK,financial_results,session_close,14,-0.0008259248280734686,-4.612342299487038e-05,0.010933880970316969,1.7211262762288544,1.2092832904469355,0.02091793583727462,0.020654161291423723
HDFCBANK,financial_results,d1,14,-0.005835864536029752,-0.003574950690335421,0.02116854024836123,,,,
HDFCBANK,financial_results,d5,14,-0.011354088940688583,-0.005717405944404619,0.029336414249447752,,,,
HDFCBANK,financial_results,d10,14,-0.010064691713524714,-0.0039447731755424265,0.030552367447048066,,,,
HDFCBANK,financial_results,d20,14,-0.013573372887969972,0.0005397846990767841,0.04169476906877382,,,,
HDFCBANK,investor_communication,5m,134,-9.920440978582087e-05,-0.0002453206741016567,0.0030378641439567726,1.874175664453583,1.1321305293507142,0.00817191242600235,0.006651247538126737
HDFCBANK,investor_communication,30m,132,-0.0002978586618570912,-0.0010624342474503945,0.00445146332611148,1.6912435584014294,1.1061153903436518,0.010271268238967967,0.008502500566524906
HDFCBANK,investor_communication,60m,131,-0.0006831142811773527,-0.001826245760500833,0.0053277171633076825,1.5856954919414146,1.0015406251049814,0.011505026858741312,0.009664948453608213
HDFCBANK,investor_communication,session_close,135,-0.0013154208752253775,-0.0009247842170161391,0.008405118897912891,1.2448191480365989,1.0500327415105262,0.015866705108811996,0.013908996897621595
HDFCBANK,investor_communication,d1,135,-0.002656186656232775,-0.00015523932729621936,0.016121405179448187,,,,
HDFCBANK,investor_communication,d5,133,-0.004369995547942902,-0.0013192612137202797,0.031006952556489373,,,,
HDFCBANK,investor_communication,d10,133,-0.0036272007385190538,-0.003410500206697087,0.040419297936743974,,,,
HDFCBANK,investor_communication,d20,132,-0.006884581906022732,-0.004938772592809559,0.05261203733378887,,,,
HDFCBANK,regulatory_compliance,5m,28,-0.0006773207816123514,-0.000324688504862225,0.0019819969274808957,1.0319243277517283,0.7612036258800537,0.00611080898019946,0.005676470189739602
HDFCBANK,regulatory_compliance,30m,28,-0.0010495209849683115,-0.0008998684298198167,0.0035926942742249383,1.082164466339423,0.8866221122185061,0.008473268285748403,0.00793648723671414
HDFCBANK,regulatory_compliance,60m,24,-0.00033439675597691604,-0.0009245537859862152,0.004292870675366635,1.0670251217801605,0.9215935037240339,0.010391718656527391,0.009390231910907598
HDFCBANK,regulatory_compliance,session_close,28,-0.0011510124702335098,-0.001932054658140392,0.007627270117884532,1.039475443666706,0.85736194327909,0.014872897123530206,0.013390491179880892
HDFCBANK,regulatory_compliance,d1,28,-0.001027373894543033,-0.0006301779011136377,0.014835613035022571,,,,
HDFCBANK,regulatory_compliance,d5,28,-0.006860247126446712,-0.0026572334834082945,0.0254555845715162,,,,
HDFCBANK,regulatory_compliance,d10,28,-0.0038413455225095434,-0.0005641849826787948,0.03860016908635706,,,,
HDFCBANK,regulatory_compliance,d20,28,-0.00819560010323947,-0.0037434293704612376,0.04933543836005069,,,,
HDFCBANK,strategic_transactions,5m,11,0.0002455897424932544,0.0002729630135116512,0.002698150310198415,1.1249840889000335,1.0664752364326542,0.006016688776638513,0.005986375834308166
HDFCBANK,strategic_transactions,30m,11,0.0006461998587706897,0.0004094445202673658,0.005498144036726344,1.0387632883874494,1.2226566441541704,0.008902162711544587,0.010439427045399352
HDFCBANK,strategic_transactions,60m,11,-0.00024302007239682878,0.0005736037962140728,0.004530287217025282,1.0436982152877219,1.1491485114944808,0.009615901194389265,0.010665382233537413
HDFCBANK,strategic_transactions,session_close,11,0.001747006504379816,0.000682407533779239,0.012465136709977776,1.093726403218323,1.04294986795435,0.01515606839957575,0.013352755523185156
HDFCBANK,strategic_transactions,d1,11,0.006811290480308273,0.00391093497418793,0.024079253018086083,,,,
HDFCBANK,strategic_transactions,d5,11,0.025062274609202993,0.040290620871862526,0.04326846429567546,,,,
HDFCBANK,strategic_transactions,d10,11,0.031472589921328724,0.02945205479452051,0.03856693221125283,,,,
HDFCBANK,strategic_transactions,d20,11,0.056075935536231,0.05719404630650504,0.052974369053096784,,,,
NYKAA,board_governance,5m,43,-0.0008852814068365426,0.0004657661853748607,0.006311107754487834,4.575711298632537,1.3285321531549654,0.011187623276738605,0.010620021864750973
NYKAA,board_governance,30m,38,-0.0013907226588775804,-0.004098058375137048,0.01149697073468464,3.3194012124652454,1.1627476147970541,0.018049250807010288,0.016303155816977166
NYKAA,board_governance,60m,38,-0.0018631292040609392,-0.0017065593527281764,0.01385641674892068,2.8379998014009873,1.0702463375627254,0.020114261153161145,0.01831798182246469
NYKAA,board_governance,session_close,43,0.0013043729838324734,-0.0005467196819084474,0.014523419319173336,1.9206523610112234,1.0642057225408375,0.025488798777498694,0.02137931034482765
NYKAA,board_governance,d1,43,-0.0013168328100744214,-0.0007189072609632419,0.01764078582737917,,,,
NYKAA,board_governance,d5,43,0.0011190896854270918,0.0020370370370370594,0.03281710984877651,,,,
NYKAA,board_governance,d10,43,0.014304005694952176,-0.0009259259259258856,0.05858713480993373,,,,
NYKAA,board_governance,d20,37,0.0219370365490514,0.022480329711502378,0.0808282328921775,,,,
NYKAA,business_updates,5m,71,-0.002323161551745965,-0.001481481481481528,0.010230614445839357,9.55660710310138,3.359656935937839,0.02166253780226811,0.018867924528301883
NYKAA,business_updates,30m,69,-0.006360795856515106,-0.0023520188161505473,0.017846302053701937,6.9936715474969375,3.542543797119274,0.02974612099966081,0.028293812616422498
NYKAA,business_updates,60m,68,-0.0067920616378822,-0.002397188459774602,0.019932450588487676,6.033971336716469,3.44371466751201,0.032884897614788876,0.030735605404654365
NYKAA,business_updates,session_close,71,-0.008425364395087374,-0.004997525977238904,0.026456906349147286,3.3033652879633917,1.8477403848514165,0.04385275555772959,0.041303373025758594
NYKAA,business_updates,d1,71,-0.008131643729029168,-0.005538851084032292,0.03597340491276033,,,,
NYKAA,business_updates,d5,70,0.0020009658773599568,0.0009616216527232879,0.05658294563100093,,,,
NYKAA,business_updates,d10,70,0.01060594190472372,0.005799696457154169,0.06560061180904281,,,,
NYKAA,business_updates,d20,69,0.027508209238377268,0.031083202511773766,0.07447088552312452,,,,
NYKAA,capital_structure,5m,50,7.962251396131936e-05,-0.0003774339828700457,0.005469287531537319,1.6243495436960618,0.9811934501770214,0.010568083186621818,0.009339303391380227
NYKAA,capital_structure,30m,48,-3.552871995797976e-05,-0.0003652127572569275,0.010581409656004723,1.575691715602219,0.9334658767917152,0.016881602847766738,0.014389833705727884
NYKAA,capital_structure,60m,46,0.00026351029898599357,0.0008122645755179736,0.012403269520828975,1.530267216868514,0.9576235991258801,0.020037727316166633,0.01925509652339119
NYKAA,capital_structure,session_close,50,-0.0005916094731563582,3.774853951910018e-05,0.01595944335895806,1.2733265013368544,0.916421533882104,0.02967017080103883,0.02752728205902899
NYKAA,capital_structure,d1,50,-0.004105729741780944,-0.009531268249577063,0.024574421299761853,,,,
NYKAA,capital_structure,d5,50,0.0003937822227973986,0.001587781680654432,0.04097326584834645,,,,
NYKAA,capital_structure,d10,49,0.010980185095661366,0.0003785011355035284,0.060341267086567583,,,,
NYKAA,capital_structure,d20,49,0.03133693031231649,0.027385226491482673,0.08031900369636262,,,,
NYKAA,credit_ratings,5m,4,0.001839462301282374,-0.000742190716525648,0.011501990797725957,2.4417909441133214,1.8295318331673625,0.024035975117355224,0.02101015001171147
NYKAA,credit_ratings,30m,4,-0.003552181743296745,-0.0022906837248723444,0.012397750529542973,2.0365318250516746,1.8541117038926878,0.030529802813871076,0.026132678265041953
NYKAA,credit_ratings,60m,4,-0.00022664676630956837,0.0008528785811137141,0.006027764232978178,1.7355412671053,1.6256665265587291,0.030529802813871076,0.026132678265041953
NYKAA,credit_ratings,session_close,4,2.358508330044251e-05,0.00138332115725337,0.008780226216884679,1.0777442230683905,0.9533679914653581,0.031266190467357846,0.027605453572015493
NYKAA,credit_ratings,d1,4,0.00396327806142302,0.007914145763586289,0.037338899375800795,,,,
NYKAA,credit_ratings,d5,4,0.03590840331289405,0.03185825793806807,0.05738974335129277,,,,
NYKAA,credit_ratings,d10,4,0.0357906935908365,0.04555350928050195,0.0932400228312849,,,,
NYKAA,credit_ratings,d20,4,0.07541372165049995,0.09161586047632919,0.06269004899515974,,,,
NYKAA,financial_results,5m,19,-0.003934941317158109,-0.005184705119896327,0.013583275322341907,24.92502653989351,19.45747381273697,0.030739506868702554,0.032052040212891875
NYKAA,financial_results,30m,19,-0.010207609176145301,-0.009001731102135091,0.0221830441716111,16.619942225824268,18.668678862844967,0.04096190585788099,0.03806804663335717
NYKAA,financial_results,60m,19,-0.012335537790510104,-0.01464757195503108,0.02474853307763431,14.136818312806076,16.23646174877134,0.04350724407308883,0.03892617449664426
NYKAA,financial_results,session_close,19,-0.014642592408348257,-0.021835639066694168,0.034308972242597,7.771413107993976,6.821710374881785,0.06329768180907609,0.05692599620493355
NYKAA,financial_results,d1,19,-0.015910945480826423,-0.010963646855164488,0.04139263165199629,,,,
NYKAA,financial_results,d5,19,-0.004908798723546565,-0.018465089440277027,0.05742369559668345,,,,
NYKAA,financial_results,d10,19,-0.0020474541967868743,-0.013861486315576377,0.07659944041702148,,,,
NYKAA,financial_results,d20,18,0.01461398883270629,0.005629782341513678,0.076728356429612,,,,
NYKAA,investor_communication,5m,111,-0.0015578151428014139,-0.0006097560975609762,0.008532554791715505,8.531136529279316,1.7145552852376627,0.01529643011646718,0.011895365881159137
NYKAA,investor_communication,30m,109,-0.0034865817976191347,-0.001013513513513531,0.016486170157954845,6.529636200745395,2.012181555673023,0.022981216502819878,0.016295363300007804
NYKAA,investor_communication,60m,105,-0.004597434895805701,-0.0011152416356877692,0.018624867535260298,5.601123947364726,2.1146198571839143,0.026297110641980793,0.018742760871854225
NYKAA,investor_communication,session_close,111,-0.005613492049576428,-0.002941176470588225,0.023497236230304072,3.2391274201529456,1.617382374785793,0.03671144929544457,0.029003021148036323
NYKAA,investor_communication,d1,111,-0.003244967238922737,-0.0011356597150526948,0.03444776954602295,,,,
NYKAA,investor_communication,d5,111,0.005642292671658221,0.003062787136294043,0.051438912420306404,,,,
NYKAA,investor_communication,d10,108,0.013272431571342346,-0.0011797609057153102,0.0670504659155094,,,,
NYKAA,investor_communication,d20,103,0.03332853746757148,0.028590207032533677,0.08072296548412862,,,,
NYKAA,regulatory_compliance,5m,32,0.0009232443514902225,0.00023662131841883927,0.007739012121251045,3.35797541194985,2.1616037729456488,0.012729667518340752,0.012379444364474024
NYKAA,regulatory_compliance,30m,29,0.0032959739880610603,0.0005376344086021057,0.010890239930670006,2.6010724909651657,1.7302879438628196,0.018798761765535296,0.01722566095676803
NYKAA,regulatory_compliance,60m,29,0.0033509638731402517,0.0006194310763805166,0.011546754030544976,2.380852264388864,1.4203411571263638,0.02047657193336577,0.01722566095676803
NYKAA,regulatory_compliance,session_close,32,0.003877277464551014,0.006224782559584252,0.016499639498373977,1.4885142105407752,1.242515391551462,0.027969021522271334,0.028561457482094044
NYKAA,regulatory_compliance,d1,32,0.0032373943681980495,0.0055173017815832726,0.024291709674613117,,,,
NYKAA,regulatory_compliance,d5,32,-0.0023600236059261002,-0.015970583387954262,0.041423191631848405,,,,
NYKAA,regulatory_compliance,d10,32,0.017494765069564253,0.0071342917073987655,0.07052117625240227,,,,
NYKAA,regulatory_compliance,d20,30,0.04397020786647792,0.05045108840893864,0.09048134873172857,,,,
NYKAA,strategic_transactions,5m,9,-0.007501740751214286,-0.007856949336223384,0.010731741662717979,20.12230485275616,14.994383309849198,0.023180863419255997,0.018867924528301883
NYKAA,strategic_transactions,30m,9,-0.012475094410114011,-0.004898073424453142,0.01715805158461457,11.844357298393234,9.060210623592152,0.03258999651118293,0.02857142857142847
NYKAA,strategic_transactions,60m,9,-0.013948204578210246,-0.01464757195503108,0.015112138789053778,9.520394465791684,8.36321082083486,0.03324577998358147,0.02857142857142847
NYKAA,strategic_transactions,session_close,9,-0.00834644129402694,0.0007396449704144548,0.023554208071001632,5.898415963385591,3.0938811049741526,0.04788549311631601,0.05128571428571438
NYKAA,strategic_transactions,d1,9,-0.013375616941652223,-0.0012979521199885102,0.03221141691878033,,,,
NYKAA,strategic_transactions,d5,9,0.0035964349572642617,-0.008092417756406456,0.06794288458321518,,,,
NYKAA,strategic_transactions,d10,9,0.0173190125419543,-0.005453585879317435,0.07639088710382057,,,,
NYKAA,strategic_transactions,d20,8,0.012981121454105779,0.007919185312331933,0.09979176367997507,,,,
RELIANCE,board_governance,5m,75,0.00031409839033442154,0.0003288932741323247,0.0033276684372689305,2.5312235156943084,1.3557994712888017,0.00782842703196485,0.006728403993633281
RELIANCE,board_governance,30m,74,0.0009696788027655696,0.0006254584953561126,0.006419030272077155,2.1402797521662813,1.4676271174356503,0.010904848268514771,0.011149001646403978
RELIANCE,board_governance,60m,73,0.0012199917719808197,0.00016444663706627338,0.007374984841496734,1.8314074156599065,1.388504775189874,0.011962021824296827,0.011582381729200675
RELIANCE,board_governance,session_close,75,-0.0003506468455977973,0.00024253343496649649,0.01216964916059274,1.367941468245913,1.0147677497398597,0.01812435306513729,0.016858123228405297
RELIANCE,board_governance,d1,75,-0.001815240289096535,-0.004426308873366147,0.01686843999740849,,,,
RELIANCE,board_governance,d5,75,-0.001784830685477202,-0.004349717268377518,0.03302358034088491,,,,
RELIANCE,board_governance,d10,75,0.004774005049286886,0.000135244793075584,0.03731108026465492,,,,
RELIANCE,board_governance,d20,73,-0.007676126349897137,-0.010016694490818101,0.04368950102251691,,,,
RELIANCE,business_updates,5m,216,0.00028066419212848795,0.00045501736822350924,0.003059146900632965,1.6227764251981132,1.1284713687639258,0.007767089380903308,0.006140888044820048
RELIANCE,business_updates,30m,211,-0.00021625001057849384,-6.712310377221531e-05,0.00593640426810673,1.59647035597463,1.1053288872072062,0.010765786317021683,0.008719325999779315
RELIANCE,business_updates,60m,210,-0.00012076053752523086,5.9220656164815644e-05,0.006913399402221032,1.462135818292852,1.0823152709945971,0.011896191091416037,0.009530657574186918
RELIANCE,business_updates,session_close,216,-0.0018860526770144571,-0.0008715323451169987,0.010423495243365798,1.2523459193038686,1.0489831374492917,0.017797253025823374,0.014727627621356154
RELIANCE,business_updates,d1,214,-0.0024833034844162437,-0.0017418621720718952,0.017164658030018907,,,,
RELIANCE,business_updates,d5,212,-0.0006438997431889561,0.0001829181164536564,0.029606075408643337,,,,
RELIANCE,business_updates,d10,211,-0.00010634905501826172,-0.000973141300116831,0.03781133888195863,,,,
RELIANCE,business_updates,d20,210,-0.0012657018788206327,-0.003746670347215264,0.05205863181091573,,,,
RELIANCE,capital_structure,5m,336,5.5986297568833597e-05,0.0002622712138913297,0.002506107016466124,1.2737367876748031,1.0433325575983243,0.006483945638820762,0.005545931977532947
RELIANCE,capital_structure,30m,336,0.00023758323447177222,0.00039796176942119565,0.004776320990319403,1.3516282525876115,1.0319407737069755,0.009125835148775142,0.008189047019858009
RELIANCE,capital_structure,60m,333,0.000425433351206206,0.00037343834872349824,0.00558346174236195,1.2560687135479904,1.0416462838723406,0.010407640480771613,0.008957264957264899
RELIANCE,capital_structure,session_close,336,0.0005835657633364944,-6.708257865434275e-05,0.010702894146146481,1.1757965746637549,0.9853570359474076,0.016762779444881144,0.015021855133457995
RELIANCE,capital_structure,d1,336,0.0006138728758755434,-0.000293349149697697,0.017355838157325644,,,,
RELIANCE,capital_structure,d5,336,-0.0005525432515985574,0.0013778569287163922,0.02885079604401108,,,,
RELIANCE,capital_structure,d10,336,0.0013632191647743696,0.0031038486056850223,0.03935135507301576,,,,
RELIANCE,capital_structure,d20,336,0.00042904925971213025,-0.004511334035814107,0.05527326083601508,,,,
RELIANCE,corporate_actions,5m,4,-0.0029795125780748555,-0.003379355817005325,0.004609456528723102,1.8649812966147672,1.9389731659399796,0.008940243097730116,0.007574699373100513
RELIANCE,corporate_actions,30m,4,-0.004997477094738079,-0.006193069702220111,0.0074843187027754336,1.5955785373547422,1.4068926037221925,0.011742543594236432,0.011790881432653944
RELIANCE,corporate_actions,60m,4,-0.0018716804440457313,-0.0018477075501394657,0.009263280912410932,1.530573728130955,1.4119112694310003,0.01303406214022157,0.014355354451508262
RELIANCE,corporate_actions,session_close,4,-0.011724974778193814,-0.008798809224348392,0.016054005163479317,1.3710920149069976,0.9941935627036135,0.021317434589495643,0.016828167204428368
RELIANCE,corporate_actions,d1,4,-0.007575552064903235,-0.005678793877506805,0.02096862296531479,,,,
RELIANCE,corporate_actions,d5,4,-0.024912152794559717,-0.01751777475306554,0.021248923204598844,,,,
RELIANCE,corporate_actions,d10,4,-0.015873567280091566,-0.014228530948304396,0.02983984806854719,,,,
RELIANCE,corporate_actions,d20,4,-0.026651184008800066,-0.031397182364927834,0.043856670474331755,,,,
RELIANCE,credit_ratings,5m,17,3.4450329835478785e-05,0.00028903822530512713,0.002082918344174416,0.7411531071571813,0.6140698334106968,0.005519978913500691,0.004849284245645347
RELIANCE,credit_ratings,30m,17,0.0002953304991829553,-6.712310377221531e-05,0.0018103069920886235,0.6916564503788414,0.6014358054548826,0.00718742932828247,0.007233150814574429
RELIANCE,credit_ratings,60m,17,0.000711256549304961,0.00023009664058903923,0.0028140000322039982,0.6976264180834597,0.6358716227037279,0.007895674023881243,0.007979688066739099
RELIANCE,credit_ratings,session_close,17,0.0020486179726865628,0.00023185717597962174,0.007296603882144613,0.8102890722516368,0.763952428572436,0.013740873329685413,0.012983606557376959
RELIANCE,credit_ratings,d1,17,-0.0012059760033486294,0.00018895257290418854,0.011093876379424562,,,,
RELIANCE,credit_ratings,d5,17,0.0018653143709933344,0.0009017519752660963,0.02272048391672798,,,,
RELIANCE,credit_ratings,d10,17,0.0009062906892393282,0.01222662304115718,0.04317905544415112,,,,
RELIANCE,credit_ratings,d20,17,0.008814184173280067,0.026691923540554496,0.06318662958703973,,,,
RELIANCE,financial_results,5m,23,0.001331777585628693,0.0027561496589265655,0.004934217831474388,4.669365279930042,3.097888062686818,0.018987449672468026,0.019046954580339115
RELIANCE,financial_results,30m,23,-0.0012242526443229096,-0.0013836042891732792,0.0046685716944811035,3.5604422850332784,2.811687478041045,0.019727307581582882,0.019046954580339115
RELIANCE,financial_results,60m,23,-0.0006021432318195171,0.00020754064337591416,0.0075021911834227215,3.05796035072798,2.3385340737260996,0.021109076501383436,0.022465638735784665
RELIANCE,financial_results,session_close,23,-0.0035385113443775146,-0.010017513134851108,0.014251997280024705,1.7872633213477622,1.9730236183527639,0.029083256193107577,0.026072618597780872
RELIANCE,financial_results,d1,23,-0.00963479561369519,-0.01980198019801982,0.023847732823933432,,,,
RELIANCE,financial_results,d5,23,-0.001052416796882558,-0.010796221322537103,0.038901543428220685,,,,
RELIANCE,financial_results,d10,23,-0.005411729329654319,-0.01600822440887062,0.03251389226647164,,,,
RELIANCE,financial_results,d20,23,0.00445706074888572,-0.014191419141914241,0.04697397943977553,,,,
RELIANCE,investor_communication,5m,107,0.0005475581396306331,0.0007177605869685966,0.003373349927695634,2.27433932419476,1.0797990526125243,0.010407131964678403,0.007798582795613962
RELIANCE,investor_communication,30m,107,-0.00012066064116288068,0.0,0.004764413842058393,1.9513864579918123,1.1895297241889493,0.01223527604992939,0.010170648464163934
RELIANCE,investor_communication,60m,107,1.2511315514028293e-05,0.00020754064337591416,0.006466285422489968,1.7767297588303628,1.204790791401337,0.013696383698787912,0.011191460055096414
RELIANCE,investor_communication,session_close,107,-0.0006801663448821526,-0.0014471780028944004,0.01223851166234922,1.3074451470797452,1.0489831374492917,0.019988740109859817,0.016039146391191972
RELIANCE,investor_communication,d1,107,-0.002184782386837379,-0.002392517943884509,0.019645772513683255,,,,
RELIANCE,investor_communication,d5,106,0.0012401036004667642,0.0027062706270626347,0.034381964987024914,,,,
RELIANCE,investor_communication,d10,105,0.0022481986077911077,0.013100094132412865,0.03519019844156561,,,,
RELIANCE,investor_communication,d20,105,0.0062972990296454884,0.004386265506133968,0.04881286572787294,,,,
RELIANCE,regulatory_compliance,5m,20,-0.0002794711842796893,1.7084671632638937e-05,0.0034806350987117824,3.1291258293321955,1.386193729943984,0.0072314585583326705,0.004562170732566595
RELIANCE,regulatory_compliance,30m,19,-0.0014479448601256017,-0.001203188449390824,0.005474185742691241,2.1070477896086977,1.2882719053681648,0.010299323601729856,0.009944603884402436
RELIANCE,regulatory_compliance,60m,17,-0.002876897539435737,-0.00231833659349423,0.0057236892021726455,1.9127270418624909,1.4090012770590545,0.011774918056666457,0.01090721497531133
RELIANCE,regulatory_compliance,session_close,20,-0.005691675597949741,-0.0031265001481688426,0.013296769588170393,1.4449902187117463,1.1737946137670558,0.018831430842367613,0.014731127424451262
RELIANCE,regulatory_compliance,d1,20,-0.010278495995569199,-0.009382333006255794,0.012068972895312096,,,,
RELIANCE,regulatory_compliance,d5,19,-0.011497872049246537,-0.00536115337245513,0.02962672731677494,,,,
RELIANCE,regulatory_compliance,d10,19,-0.0032842329654412424,0.007682237839327533,0.03311711110924172,,,,
RELIANCE,regulatory_compliance,d20,19,0.0031636818357662134,0.00345322757111588,0.045145495731531156,,,,
RELIANCE,strategic_transactions,5m,46,0.00016013944186806263,0.0004601958215718627,0.0026997326774533662,1.8412833282247252,1.1191922404197805,0.007010247416087853,0.005844108139331894
RELIANCE,strategic_transactions,30m,46,0.00021513194513074545,0.0008998134287856452,0.005936239848373458,1.4827733052602083,1.1119551687363183,0.009631111564090524,0.00822348714037624
RELIANCE,strategic_transactions,60m,45,0.0002786948180011128,0.000599668418639121,0.0075347612670047,1.3138029158090212,1.0112449045379348,0.01133112687495814,0.009956076134699732
RELIANCE,strategic_transactions,session_close,46,0.00010928938569435601,-0.0012181687729775903,0.010900028394137904,1.2003762734916514,0.9405332268622246,0.018268571765556744,0.01842320758338134
RELIANCE,strategic_transactions,d1,46,0.00028827552101067146,-2.00572624120543e-07,0.018060621881807334,,,,
RELIANCE,strategic_transactions,d5,46,0.0002538985188733585,0.000761385549702398,0.03178830587049997,,,,
RELIANCE,strategic_transactions,d10,46,0.001589050610432702,-0.001913650966838265,0.05004835429277426,,,,
RELIANCE,strategic_transactions,d20,46,0.009923224341089084,0.010116453004445858,0.06343632684958997,,,,
RVNL,board_governance,5m,85,-0.0008521152454939706,-4.3713936002776066e-05,0.007366199835221291,1.564971883798762,1.1267771851372461,0.01648182452490404,0.014598540145985384
RVNL,board_governance,30m,84,0.0004654904910133989,-0.0006045512818553811,0.012944009560617791,1.5311127197935548,1.0558942243066136,0.02371914717892404,0.018311691747269654
RVNL,board_governance,60m,83,6.335896977074159e-05,-0.00048201218176247007,0.01922956334904584,1.6263544028953516,1.0651405072707991,0.02884392131427965,0.023260965883916684
RVNL,board_governance,session_close,85,0.0012577182918160196,-0.0042918454935622075,0.02850028610742586,1.5125409227187916,0.9734278124329656,0.04054892245979404,0.03412462908011871
RVNL,board_governance,d1,85,0.0044045446077199514,-0.0059450952963804315,0.0474896240645845,,,,
RVNL,board_governance,d5,84,-0.008001707209593348,-0.016127720678724644,0.0760221954222917,,,,
RVNL,board_governance,d10,84,-0.011007497673216357,-0.03235528881055311,0.1015040806230609,,,,
RVNL,board_governance,d20,79,-0.013024215706841931,-0.04171902488062318,0.1356976501333253,,,,
RVNL,business_updates,5m,171,0.0011120576667384052,0.00012709710218605785,0.01158406079107023,3.4012807147595416,1.7556552893135065,0.017795588102912513,0.015975175267210595
RVNL,business_updates,30m,164,-9.746721655601309e-05,-0.0017507905505160792,0.01835589836224411,2.625058327263268,1.4769240987588583,0.025916287096224514,0.021726591040184484
RVNL,business_updates,60m,162,-0.0010209216256375853,-0.0022900763358779663,0.022621765214187455,2.3694178534414645,1.4703229943572305,0.029850934977518655,0.022727272727272707
RVNL,business_updates,session_close,175,-0.0015338074522367867,-0.0024360535931789995,0.02879212107916488,2.098065096091541,1.2998039900272418,0.039197096070108184,0.02850322942993544
RVNL,business_updates,d1,175,0.0007679178293153927,-0.001767825574543247,0.041558117845163396,,,,
RVNL,business_updates,d5,175,0.008024726063457567,-0.002707092582566295,0.09056585504193476,,,,
RVNL,business_updates,d10,175,0.010887264734913343,-0.013973936253729002,0.11361259182014358,,,,
RVNL,business_updates,d20,172,0.03076427063277597,-0.009572322857416216,0.15044964906464547,,,,
RVNL,capital_structure,5m,12,-0.001772645663365759,-0.0007511737089201387,0.002936756254576673,0.8249911852100098,0.592200840507499,0.01051353058005768,0.010610480332521766
RVNL,capital_structure,30m,12,-0.0021953649827376465,-0.0005271722768732667,0.0064080025733083594,0.8411870173257987,0.6307488005463002,0.01556054179326096,0.016827603781821132
RVNL,capital_structure,60m,12,-0.004705130374360285,-0.0035118867794571296,0.007049450015490262,0.8519996069865834,0.6210725148708972,0.017492043156817277,0.017147289062134363
RVNL,capital_structure,session_close,12,-0.006422731461221659,-0.005889552101218942,0.012308294618819582,0.8828468816443188,0.673907067453087,0.02658022944643366,0.026381698566253498
RVNL,capital_structure,d1,12,-0.003106647924698882,-0.005012552509131629,0.0452168560048555,,,,
RVNL,capital_structure,d5,12,0.0002486528749734614,0.002526263193049272,0.02775507093022133,,,,
RVNL,capital_structure,d10,12,0.032984656073713016,-0.016784516615612532,0.1645071522079094,,,,
RVNL,capital_structure,d20,12,0.05702821655717216,-0.04235329677305899,0.24088598722307458,,,,
RVNL,corporate_actions,5m,11,-0.0007634447709727574,-0.00038819875776407997,0.007912362418319736,2.115920977606757,1.7374804595848075,0.012210409276735446,0.0103120396410874
RVNL,corporate_actions,30m,11,-0.0015895205265550327,0.0003187759005420787,0.008480137266473252,1.9755893711715011,2.2108506455045673,0.020585545511658143,0.017180788754392662
RVNL,corporate_actions,60m,11,-0.004152365969924168,-0.005259802358941634,0.008949571449221613,1.9001767963759486,1.889289398947012,0.02506218530831568,0.023037875829753807
RVNL,corporate_actions,session_close,11,-0.006917802549683569,-0.006007724216850252,0.005874654046876196,1.468111632253408,1.5034353454452813,0.027814051715831623,0.023037875829753807
RVNL,corporate_actions,d1,11,0.02151653970162416,0.010838380618425347,0.04968619093532049,,,,
RVNL,corporate_actions,d5,11,0.05922695504922839,0.01777777777777767,0.12035590838171716,,,,
RVNL,corporate_actions,d10,11,0.0938862354716977,0.022222222222222143,0.18161231758724294,,,,
RVNL,corporate_actions,d20,10,0.05928691244986023,-0.06174256040698539,0.20587742450416346,,,,
RVNL,credit_ratings,5m,4,0.00017975469537115374,0.0042060334555305,0.009562183564764067,1.0108112227895598,0.6727663102659356,0.015001282228307489,0.014145202678268798
RVNL,credit_ratings,30m,4,0.011318090940454412,0.008794261190071762,0.02514170867577236,1.1790345122900985,1.1357625607382638,0.027998587534499353,0.022778062456501047
RVNL,credit_ratings,60m,4,0.013673066871375816,0.011587134325402815,0.036120446326051284,1.5654130740986263,1.1822961250202892,0.03806948702004265,0.033144076674224476
RVNL,credit_ratings,session_close,4,0.012707651508831297,0.01740006641619507,0.03330804507584058,2.446982688832393,2.010902367244926,0.05549205548883335,0.059783113347731676
RVNL,credit_ratings,d1,4,-9.111001455949785e-05,0.006179961843244708,0.03962028574521201,,,,
RVNL,credit_ratings,d5,4,-0.008914570058157018,-0.012839813253286703,0.05037641032280292,,,,
RVNL,credit_ratings,d10,4,-0.021615864740370028,-0.028250975080904017,0.088109869089585,,,,
RVNL,credit_ratings,d20,4,0.04204198163747755,0.036303482943409515,0.09415828166459657,,,,
RVNL,financial_results,5m,23,0.0008512232115641526,-0.0011091393078970224,0.01538537711066469,6.097188546516578,3.06637917202854,0.030049439677524496,0.01948051948051943
RVNL,financial_results,30m,21,0.0025961996834675074,0.0003187759005420787,0.023043792530456554,3.256340959108799,2.4566789042063464,0.036469296666498244,0.030566207985562865
RVNL,financial_results,60m,19,-0.002387223773507594,-0.0007303712720633238,0.014488352765241654,2.329447101555654,1.9345530367345065,0.040132353738519,0.03406097101994732
RVNL,financial_results,session_close,24,-0.008175840141372357,-0.010446343779677014,0.014038863927670004,2.4531269469880965,1.6673779678815264,0.03979659830184142,0.031806902774644596
RVNL,financial_results,d1,24,-0.017318781122944577,-0.01849659662622083,0.056200789501860984,,,,
RVNL,financial_results,d5,24,0.019027850562734858,0.016817132794632816,0.08777128303433471,,,,
RVNL,financial_results,d10,22,0.016568032714627836,-0.005994041923766402,0.11662883259622081,,,,
RVNL,financial_results,d20,22,0.018077676234246123,0.018189884649511878,0.11807632123270809,,,,
RVNL,investor_communication,5m,51,0.000827753603982662,0.00013758943313146865,0.010131701943656852,2.1088428566550106,1.393402494635402,0.01503744868402455,0.010629370629370749
RVNL,investor_communication,30m,49,0.0015293837554713984,-0.0008034279592928906,0.01952483475385635,2.1707681105864287,1.2455489912645623,0.024049071155344565,0.015351217242983273
RVNL,investor_communication,60m,47,-4.7412234363919154e-05,-0.0029459025174075615,0.025792158485978958,2.141808728616707,1.20589624557528,0.03124724132805046,0.01942154534022622
RVNL,investor_communication,session_close,51,9.903422212812202e-05,-0.002671415850400649,0.03442718449350416,2.003474583072402,1.1672884359370725,0.04129945155619106,0.025437201907790197
RVNL,investor_communication,d1,51,0.008468580119541408,-0.004519044544867734,0.04372969226358515,,,,
RVNL,investor_communication,d5,49,0.038272512815301946,0.011798763103644916,0.12367566783943139,,,,
RVNL,investor_communication,d10,48,0.05884110664602954,0.02706284422621008,0.15493211871843166,,,,
RVNL,investor_communication,d20,46,0.061455529475476,0.003499971810722813,0.1738667230058849,,,,
RVNL,regulatory_compliance,5m,29,-0.004934183528264032,-0.0010582396730405286,0.010035995541616794,4.379113149499279,1.242818295464797,0.014980609731442256,0.013735046521931915
RVNL,regulatory_compliance,30m,29,-0.0009740620303479192,-0.0018516885636186142,0.014398441040077384,4.118493006377559,1.2928933320040241,0.023455665275097758,0.015188887446449417
RVNL,regulatory_compliance,60m,27,0.0034136703332658534,-0.000145964092833184,0.024553677295738666,3.416693801314449,1.0185369353695521,0.03199260897510051,0.023260965883916684
RVNL,regulatory_compliance,session_close,29,0.005409422647061947,-0.0017421602787456303,0.02584782595057215,2.999222321823916,1.029545893587206,0.044074373485801066,0.03202846975088969
RVNL,regulatory_compliance,d1,29,0.0009250496400891958,-0.009284400455461306,0.03990548954983144,,,,
RVNL,regulatory_compliance,d5,29,0.0384325318505126,-0.012111244019138656,0.14904570000191694,,,,
RVNL,regulatory_compliance,d10,29,0.010845998502466932,-0.022406424038337036,0.11195424178538975,,,,
RVNL,regulatory_compliance,d20,27,0.009785366201037229,-0.03535843400052896,0.1136048012963673,,,,
RVNL,strategic_transactions,5m,72,-0.0002109357490946074,-0.0005964214711730031,0.01048039286134104,3.5118178131856777,2.175565858429322,0.02049267668069664,0.014036329678274506
RVNL,strategic_transactions,30m,71,0.0024328375102889255,-0.0011718750000000444,0.015950800767058005,2.884135594482023,1.5748037468932399,0.027884260687749806,0.020118773482002306
RVNL,strategic_transactions,60m,67,0.004113229852328663,-0.00047029314939639466,0.01905945349880675,2.818884609521874,1.7452358808052377,0.032198465626179895,0.0237467018469657
RVNL,strategic_transactions,session_close,73,0.00290939129754487,-0.003259259259259295,0.03611864911872038,2.6256539871655735,1.2654041220523835,0.0454977917982121,0.034373962138824155
RVNL,strategic_transactions,d1,73,0.004272333542799637,-0.004628697927148262,0.05623921677410869,,,,
RVNL,strategic_transactions,d5,73,0.009758558887397566,-0.002463812750230998,0.10354744081387893,,,,
RVNL,strategic_transactions,d10,73,0.032055372947708625,0.01333333333333342,0.15398978240218436,,,,
RVNL,strategic_transactions,d20,72,0.050965409383437243,0.013333373618471589,0.2061458758162833,,,,
