scope,symbol,initial_reaction,horizon,n,mean_return,median_return,std_return,standard_error,ci95_lower,ci95_upper,sample_note
pooled,ALL,all,d1,75,-0.009380331947746397,-0.004643603436266575,0.04248614616791608,0.004905877585375227,-0.018995852015081843,0.00023518811958904776,inferential
pooled,ALL,all,d3,75,0.0022863356811588975,-0.005195599022004838,0.06388239075080307,0.007376503099290601,-0.012171610393450681,0.016744281755768475,inferential
pooled,ALL,all,d5,75,0.004686174422503083,0.001441299790356343,0.06646280122533468,0.007674463235708713,-0.010355773519485995,0.01972812236449216,inferential
pooled,ALL,all,d10,72,0.0005281398335773491,-0.011038063618615035,0.08282558334009388,0.009761088605918653,-0.01860359383402321,0.01965987350117791,inferential
pooled,ALL,all,d20,71,0.012844596415596815,0.0040401017507107895,0.09756829573305861,0.011579226379722756,-0.009850687288659786,0.035539880119853415,inferential
pooled,ALL,positive,d1,26,0.01391264381396751,0.006971595526784169,0.023728162434485382,0.0046534755105823175,0.0047918318132261686,0.02303345581470885,inferential
pooled,ALL,positive,d3,26,0.03806122354228064,0.02251756640994851,0.047532366248609875,0.009321863962650032,0.019790370175486578,0.056332076909074706,inferential
pooled,ALL,positive,d5,26,0.035718395106968684,0.024310032393793812,0.043264499000319354,0.008484866332632459,0.019088057095009065,0.052348733118928306,inferential
pooled,ALL,positive,d10,24,0.017212174034481078,-0.00033346713735293854,0.0567203460698704,0.011577992158771642,-0.00548069059671134,0.03990503866567349,inferential
pooled,ALL,positive,d20,24,0.02806095524437673,0.03344240438641022,0.06696719107235194,0.013669620636227276,0.0012684987973712696,0.05485341169138219,inferential
pooled,ALL,neutral,d1,0,,,,,,,descriptive
pooled,ALL,neutral,d3,0,,,,,,,descriptive
pooled,ALL,neutral,d5,0,,,,,,,descriptive
pooled,ALL,neutral,d10,0,,,,,,,descriptive
pooled,ALL,neutral,d20,0,,,,,,,descriptive
pooled,ALL,negative,d1,49,-0.021739870107023166,-0.021930127983396774,0.04516357990180188,0.006451939985971697,-0.034385672479527694,-0.00909406773451864,inferential
pooled,ALL,negative,d3,49,-0.01669625787780366,-0.017544617777969895,0.06366830893938531,0.009095472705626472,-0.034523384380831544,0.0011308686252242267,inferential
pooled,ALL,negative,d5,49,-0.011779901859050096,-0.018465089440277027,0.07096971944372528,0.010138531349103612,-0.03165142330329317,0.008091619585192984,inferential
pooled,ALL,negative,d10,48,-0.007813877266874514,-0.026045684384353618,0.09260406304090242,0.013366245181179523,-0.03401171782198638,0.018383963288237354,inferential
pooled,ALL,negative,d20,47,0.0050745408434538794,-0.016949152542372836,0.10982492855745407,0.016019612270289914,-0.026323899206314352,0.03647298089322211,inferential
stock,HAL,all,d1,13,0.012286632986032062,0.01562543326955601,0.03064620257656972,0.008499727291390674,-0.00437283250509366,0.028946098477157782,inferential
stock,HAL,all,d3,13,0.01580331658680663,0.014563106796116498,0.05191900512350854,0.014399741164914433,-0.01242017609642566,0.04402680927003892,inferential
stock,HAL,all,d5,13,0.016248684705227053,0.018014530050787014,0.06515971634594948,0.018072053721539225,-0.019172540588989827,0.05166990999944393,inferential
stock,HAL,all,d10,12,0.008250042071752542,-0.015726610177747846,0.09086585267113687,0.026230712249912875,-0.043162153938076694,0.059662238081581775,inferential
stock,HAL,all,d20,12,0.05012254375092326,0.008968824014095766,0.14508690430410137,0.0418829816279312,-0.031968100239821884,0.1322131877416684,inferential
stock,HAL,positive,d1,6,0.031034262250091833,0.02843266847914494,0.02264185496418366,0.00924349858205871,0.012917005029256762,0.0491515194709269,descriptive
stock,HAL,positive,d3,6,0.04693726581130122,0.03897683533863383,0.04956054409550274,0.020233007401447897,0.007280571304463343,0.0865939603181391,descriptive
stock,HAL,positive,d5,6,0.057572015112416906,0.04137621194068242,0.056434354666370125,0.023039228815976937,0.012415126633102111,0.1027289035917317,descriptive
stock,HAL,positive,d10,5,0.06409057913121637,0.08328838062358401,0.07966975323983667,0.03562939679898178,-0.005743038594787919,0.13392419685722065,descriptive
stock,HAL,positive,d20,5,0.08510267932006932,0.08749595425612267,0.09366327274804759,0.041887488971947585,0.003003200935052047,0.1672021577050866,descriptive
stock,HAL,neutral,d1,0,,,,,,,descriptive
stock,HAL,neutral,d3,0,,,,,,,descriptive
stock,HAL,neutral,d5,0,,,,,,,descriptive
stock,HAL,neutral,d10,0,,,,,,,descriptive
stock,HAL,neutral,d20,0,,,,,,,descriptive
stock,HAL,negative,d1,7,-0.003782763526019171,0.007524271844660202,0.02825652921393474,0.010679964173414677,-0.024715493305911936,0.017149966253873595,descriptive
stock,HAL,negative,d3,7,-0.010882925605617306,-0.010015012236000542,0.0392953221105221,0.01485223571323132,-0.039993307603550694,0.01822745639231608,descriptive
stock,HAL,negative,d5,7,-0.019171312786649963,-0.02523289530507744,0.05163581171119548,0.019516502361825682,-0.0574236574158283,0.019081031842528372,descriptive
stock,HAL,negative,d10,7,-0.031636055827864475,-0.07232607399181523,0.08031855652954965,0.03035756089155306,-0.09113687517530847,0.02786476351957952,descriptive
stock,HAL,negative,d20,7,0.025136732630104647,-0.05859190860438679,0.17605538353729575,0.06654268025911136,-0.10528692067775362,0.15556038593796293,descriptive
stock,HDFCBANK,all,d1,13,-0.0063495116887356115,-0.003574950690335421,0.021941920633159577,0.006085593840386011,-0.018277275615892194,0.00557825223842097,inferential
stock,HDFCBANK,all,d3,13,-0.012105135811246316,-0.008123689727463357,0.02348832842985777,0.0065144901945223665,-0.024873536592510154,0.0006632649700175214,inferential
stock,HDFCBANK,all,d5,13,-0.012800843077302866,-0.007337742868954167,0.03000997592802558,0.008323269767995096,-0.029114451822573252,0.003512765667967521,inferential
stock,HDFCBANK,all,d10,13,-0.013280314049451437,-0.0039447731755424265,0.02923025219517469,0.008107013314188168,-0.029170060145260246,0.002609432046357371,inferential
stock,HDFCBANK,all,d20,13,-0.017364070685907115,0.0004761904761905189,0.040809179969439224,0.011318430068419314,-0.03954819362000897,0.004820052248194741,inferential
stock,HDFCBANK,positive,d1,6,0.004541429235540739,0.0018422887201680616,0.010964786315857677,0.004476355268750456,-0.004232227091210156,0.013315085562291634,descriptive
stock,HDFCBANK,positive,d3,6,-0.00105799120740759,-0.0039447731755424265,0.012262262024882072,0.005006047508878054,-0.010869844324808576,0.008753861909993395,descriptive
stock,HDFCBANK,positive,d5,6,0.0012115688015510255,0.0020726635397590454,0.011074219759113005,0.004521031284879017,-0.0076496525168118475,0.010072790119913898,descriptive
stock,HDFCBANK,positive,d10,6,0.0007537103450509138,-0.0037137378763711926,0.020773561208302926,0.00848077085013609,-0.015868600521215824,0.01737602121131765,descriptive
stock,HDFCBANK,positive,d20,6,0.004420998276262226,0.00714990138067062,0.025732641645415357,0.010505306960860028,-0.016169403367023428,0.025011399919547882,descriptive
stock,HDFCBANK,neutral,d1,0,,,,,,,descriptive
stock,HDFCBANK,neutral,d3,0,,,,,,,descriptive
stock,HDFCBANK,neutral,d5,0,,,,,,,descriptive
stock,HDFCBANK,neutral,d10,0,,,,,,,descriptive
stock,HDFCBANK,neutral,d20,0,,,,,,,descriptive
stock,HDFCBANK,negative,d1,7,-0.01568460390954391,-0.01231656184486385,0.025346132793146684,0.009579937723983578,-0.034461281848551725,0.0030920740294639038,descriptive
stock,HDFCBANK,negative,d3,7,-0.021574116900250937,-0.010541546093427057,0.027412697410372392,0.010361025730472808,-0.04188172733197764,-0.0012665064685242339,descriptive
stock,HDFCBANK,negative,d5,7,-0.0248114818306062,-0.010497489730716514,0.036528796684328645,0.013806587388453482,-0.05187239311197503,0.0022494294507626224,descriptive
stock,HDFCBANK,negative,d10,7,-0.025309477816167738,-0.013626834381551434,0.0313596316507607,0.01185282665064325,-0.048541018051428506,-0.0020779375809069703,descriptive
stock,HDFCBANK,negative,d20,7,-0.03603698693919512,-0.031036703155183587,0.04356134719975409,0.01646464163792703,-0.0683076845495321,-0.003766289328858141,descriptive
stock,NYKAA,all,d1,13,-0.024989462871053927,-0.011989679769312422,0.043930053383192356,0.012184004615920795,-0.048870111918258685,-0.0011088138238491696,inferential
stock,NYKAA,all,d3,13,-0.030358172590971767,-0.02786779001944273,0.05600959766657724,0.015534267408073265,-0.06080533671079537,8.899152885183392e-05,inferential
stock,NYKAA,all,d5,13,-0.01635830126617118,-0.018948655256723734,0.06303342343084178,0.017482326172917947,-0.05062366056509036,0.017907058032747995,inferential
stock,NYKAA,all,d10,13,-0.017050501603232404,-0.049092229484386296,0.07819425625988327,0.02168718464552155,-0.059557383508454645,0.025456380301989837,inferential
stock,NYKAA,all,d20,12,0.006032570222710855,-0.018180909669075207,0.07798657386217925,0.02251278470625291,-0.038092487801544846,0.05015762824696656,inferential
stock,NYKAA,positive,d1,4,0.019802240772950508,0.019670552572254363,0.021646855732965268,0.010823427866482634,-0.0014116778453554558,0.04101615939125647,descriptive
stock,NYKAA,positive,d3,4,0.027428331030172476,0.02869577332205875,0.02721834699194899,0.013609173495974495,0.0007543509780624687,0.05410231108228249,descriptive
stock,NYKAA,positive,d5,4,0.028832914378392416,0.03211260216875689,0.038471221320010324,0.019235610660005162,-0.008868882515217703,0.06653471127200253,descriptive
stock,NYKAA,positive,d10,4,0.011671506642498386,0.03269868139213461,0.08120196353917053,0.040600981769585265,-0.06790641762588873,0.0912494309108855,descriptive
stock,NYKAA,positive,d20,4,-0.002857915790173665,-0.02830606385589679,0.08416652656420404,0.04208326328210202,-0.08534111182309362,0.07962528024274629,descriptive
stock,NYKAA,neutral,d1,0,,,,,,,descriptive
stock,NYKAA,neutral,d3,0,,,,,,,descriptive
stock,NYKAA,neutral,d5,0,,,,,,,descriptive
stock,NYKAA,neutral,d10,0,,,,,,,descriptive
stock,NYKAA,neutral,d20,0,,,,,,,descriptive
stock,NYKAA,negative,d1,9,-0.04489688671283368,-0.035729847494553435,0.03563793522384977,0.011879311741283255,-0.06818033772574886,-0.0216134356999185,descriptive
stock,NYKAA,negative,d3,9,-0.056041063089258096,-0.05969498910675386,0.04490095676624146,0.014966985588747152,-0.08537635484320251,-0.02670577133531368,descriptive
stock,NYKAA,negative,d5,9,-0.036443285997088334,-0.04705882352941171,0.06268851732263005,0.020896172440876683,-0.07739978398120664,0.004513211987029968,descriptive
stock,NYKAA,negative,d10,9,-0.02981583860133498,-0.06110790536641664,0.07812203947017587,0.02604067982339196,-0.08085557105518322,0.021223893852513262,descriptive
stock,NYKAA,negative,d20,8,0.010477813229153116,0.005133606758690734,0.08033386201120937,0.02840230929351526,-0.0451907129861368,0.06614633944444304,descriptive
stock,RELIANCE,all,d1,12,-0.0033494757226218974,-0.012507833982105754,0.029208823811894373,0.008431861145254784,-0.019875923567321273,0.013176972122077479,inferential
stock,RELIANCE,all,d3,12,0.0003844905602074511,-0.014600014766148306,0.03958087478538824,0.011426014356052387,-0.022010497577655226,0.02277947869807013,inferential
stock,RELIANCE,all,d5,12,0.005219220289942132,-0.004044975347737234,0.04656127366060288,0.013441081940880452,-0.021125300314183554,0.03156374089406782,inferential
stock,RELIANCE,all,d10,12,-0.002597546090031988,-0.015472372099879672,0.03565124397167413,0.010291627651995542,-0.02276913628794325,0.017574044107879275,inferential
stock,RELIANCE,all,d20,12,0.005510751632261853,-0.0047839757706069075,0.0474877411527163,0.013708530068864013,-0.021357967302711615,0.03237947056723532,inferential
stock,RELIANCE,positive,d1,4,0.028316771456290635,0.02920064610848505,0.028666329480831882,0.014333164740415941,0.00022376856507539192,0.05640977434750588,descriptive
stock,RELIANCE,positive,d3,4,0.04245272200195327,0.04288299251699168,0.04189791780567589,0.020948958902837943,0.0013927625523909026,0.08351268145151564,descriptive
stock,RELIANCE,positive,d5,4,0.05538678390851398,0.04759792354825565,0.03873313800970124,0.01936656900485062,0.01742830865900677,0.0933452591580212,descriptive
stock,RELIANCE,positive,d10,4,0.032949587542944914,0.02527456931676675,0.024320606377374567,0.012160303188687284,0.009115393293117838,0.05678378179277199,descriptive
stock,RELIANCE,positive,d20,4,0.04788494122083248,0.04679624798617388,0.01999190172791792,0.00999595086395896,0.028292877527472917,0.06747700491419203,descriptive
stock,RELIANCE,neutral,d1,0,,,,,,,descriptive
stock,RELIANCE,neutral,d3,0,,,,,,,descriptive
stock,RELIANCE,neutral,d5,0,,,,,,,descriptive
stock,RELIANCE,neutral,d10,0,,,,,,,descriptive
stock,RELIANCE,neutral,d20,0,,,,,,,descriptive
stock,RELIANCE,negative,d1,8,-0.019182599312078163,-0.021525117972804986,0.011357355534318577,0.004015431557331615,-0.027052845164448128,-0.0113123534597082,descriptive
stock,RELIANCE,negative,d3,8,-0.020649625160665458,-0.017271720659590595,0.013878961505876173,0.0049069538983160495,-0.030267254801364912,-0.011031995519966002,descriptive
stock,RELIANCE,negative,d5,8,-0.019864561519343793,-0.022469501193305763,0.024628669928406205,0.008707549758990614,-0.036931359046965394,-0.002797763991722192,descriptive
stock,RELIANCE,negative,d10,8,-0.02037111290652044,-0.026045684384353618,0.025704516621437377,0.009087919005070347,-0.03818343415645832,-0.0025587916565825604,descriptive
stock,RELIANCE,negative,d20,8,-0.01567634316202346,-0.015896978430430697,0.042817688424021824,0.015138338919679284,-0.04534748744459485,0.013994801120547937,descriptive
stock,RVNL,all,d1,24,-0.017318781122944577,-0.01849659662622083,0.05620078950186099,0.011471938118427085,-0.03980377983506166,0.00516621758917251,inferential
stock,RVNL,all,d3,24,0.021393382623532367,0.009496676163342821,0.08856807044981958,0.018078881675410916,-0.014041225460273025,0.05682799070733776,inferential
stock,RVNL,all,d5,24,0.019027850562734858,0.016817132794632816,0.08777128303433471,0.017916238125293506,-0.01608797616284041,0.05414367728831013,inferential
stock,RVNL,all,d10,22,0.016568032714627836,-0.005994041923766402,0.11662883259622082,0.024865350657232846,-0.032168054573548543,0.06530412000280421,inferential
stock,RVNL,all,d20,22,0.018077676234246123,0.018189884649511878,0.11807632123270809,0.025173956271448538,-0.03126327805779301,0.06741863052628526,inferential
stock,RVNL,positive,d1,6,-0.00736690977793412,-0.013677276484575174,0.014620594641696986,0.005968832768037911,-0.019065822003288425,0.004332002447420185,descriptive
stock,RVNL,positive,d3,6,0.07246532539123866,0.09115448242646262,0.06111540020442278,0.024950257654470426,0.02356282038847663,0.1213678303940007,descriptive
stock,RVNL,positive,d5,6,0.03984966269162545,0.05581684224953842,0.043515375093482245,0.01776507749080789,0.005030110809641983,0.07466921457360892,descriptive
stock,RVNL,positive,d10,5,-0.01807347152812293,-0.03403373779224628,0.03514596756072899,0.015717754520158497,-0.04888027038763358,0.012733327331387722,descriptive
stock,RVNL,positive,d20,5,0.008263087576897265,0.04631547795205693,0.06187742947520649,0.027672427715902167,-0.04597487074627098,0.06250104590006551,descriptive
stock,RVNL,neutral,d1,0,,,,,,,descriptive
stock,RVNL,neutral,d3,0,,,,,,,descriptive
stock,RVNL,neutral,d5,0,,,,,,,descriptive
stock,RVNL,neutral,d10,0,,,,,,,descriptive
stock,RVNL,neutral,d20,0,,,,,,,descriptive
stock,RVNL,negative,d1,18,-0.020636071571281396,-0.029503105590062084,0.06452771139779087,0.0152093274346088,-0.05044635334311465,0.009174210200551852,inferential
stock,RVNL,negative,d3,18,0.004369401700963603,0.0004122215666599316,0.09103223861985571,0.021456504411563965,-0.03768534694570177,0.04642415034762897,inferential
stock,RVNL,negative,d5,18,0.012087246519771326,0.0016350258525630323,0.09829458564948498,0.023168256022224245,-0.033322535283788195,0.05749702832333085,inferential
stock,RVNL,negative,d10,17,0.026756710433083947,-0.00545317788642341,0.13060965115845236,0.031677493379492654,-0.03533117659072165,0.08884459745688955,inferential
stock,RVNL,negative,d20,17,0.02096431995699579,0.018189884649511878,0.13153987474876824,0.03190310573939346,-0.04156576729221539,0.08349440720620696,inferential
