event_id,symbol,cluster_id,cluster_size,chosen_timestamp,effective_bar_timestamp,trading_date,is_financial_result,return_session_close,initial_reaction,anchor_close,return_d1,usable_d1,return_d3,usable_d3,return_d5,usable_d5,return_d10,usable_d10,return_d20,usable_d20,missing_reason
a0cfd7d4-36ab-4858-ad7d-848b1929e7a8,HDFCBANK,clu_01f5ddf4-ac7c-40ce-b8fc-f36a44140b35,3,2025-01-22T14:13:41.727000,2025-01-22T14:14:00,2025-01-22,True,0.0114942528735633,positive,826.5,0.007259528130671544,True,-0.014156079854809489,True,0.01391409558378709,True,0.038354506957047896,True,0.042347247428917045,True,
04d4f6fc-f7c9-4811-a62b-f7aa40d38d03,HAL,clu_04d4f6fc-f7c9-4811-a62b-f7aa40d38d03,1,2023-11-10T13:50:21.300000,2023-11-10T13:51:00,2023-11-10,True,-0.0019417475728155,negative,2060.0,0.007524271844660202,True,0.014563106796116498,True,0.03031553398058251,True,0.09174757281553392,True,0.3567961165048543,True,
065b7abc-81f7-4472-8e29-2e83cff76daa,RELIANCE,clu_065b7abc-81f7-4472-8e29-2e83cff76daa,3,2026-01-16T19:07:13.500000,2026-01-19T09:15:00,2026-01-19,True,-0.0100175131348511,negative,1427.5,-0.024588441330998134,True,-0.01639229422066557,True,-0.030472854640980707,True,-0.027670753064798603,True,0.004623467600700426,True,
074483ed-7e0b-41ee-b275-4c9d6fa747f4,HAL,clu_074483ed-7e0b-41ee-b275-4c9d6fa747f4,1,2025-11-12T14:25:04.373000,2025-11-12T14:26:00,2025-11-12,True,-0.0267341189051349,negative,4862.7,-0.024163530548871992,True,-0.010015012236000542,True,-0.02523289530507744,True,-0.07232607399181523,True,-0.11695148785654053,True,
76005510-8100-47a8-8f8b-6434f8f502a2,NYKAA,clu_083347fd-35fa-42e2-ab14-cf6495620570,4,2025-08-12T16:20:58.650000,2025-08-13T09:15:00,2025-08-13,True,0.003778513784578,positive,214.37,0.002192470961421833,True,0.057517376498577244,True,0.046881559919764726,True,0.07664318701310813,True,0.11302887530904515,True,
08b619de-752c-47d5-9533-14841909d5ad,RVNL,clu_08b619de-752c-47d5-9533-14841909d5ad,1,2026-05-25T18:12:06.523000,2026-05-26T09:15:00,2026-05-26,True,-0.0177492447129908,negative,264.8,-0.04512839879154085,True,-0.08969033232628398,True,-0.09879154078549857,True,-0.1378776435045318,True,-0.0937311178247735,True,
191591ca-6d2e-4fc3-be1a-a5de31475cc7,RELIANCE,clu_08d35ae4-d1f5-4427-b539-77f1efaad9dd,4,2024-04-22T19:00:20.190000,2024-04-23T09:15:00,2024-04-23,True,-0.015047233468286,negative,1482.0,-0.021120107962213197,True,-0.01815114709851562,True,-0.010796221322537103,True,-0.04379217273954117,True,-0.014844804318488558,True,
f27ad174-4094-4951-ae11-c3283c28c6fa,RELIANCE,clu_0fa38dbd-42c5-426d-b3c7-9c99d492784b,5,2024-01-19T18:14:04.777000,2024-01-20T09:15:00,2024-01-20,True,-0.0129285299244624,negative,1376.8,-0.035153980244044036,True,-0.015470656595002907,True,0.023460197559558305,True,0.037187681580476584,True,0.06820162696106924,True,
9f087985-d794-42b1-a256-126d88d0d127,RELIANCE,clu_11dc732c-55d6-4fc9-9479-9b1311fc62e2,4,2025-01-16T19:28:45.830000,2025-01-17T09:15:00,2025-01-17,True,-0.0030292572567967,negative,1303.95,3.834502856703281e-05,True,-0.019901069826297024,True,-0.045630583994785034,True,-0.02910387668238812,True,-0.06729552513516623,True,
15c4209c-02e7-4920-a51c-23f431b3971b,RVNL,clu_15c4209c-02e7-4920-a51c-23f431b3971b,1,2025-05-21T18:14:05.563000,2025-05-22T09:15:00,2025-05-22,True,-0.0152160681679853,negative,410.75,-0.03164942178940966,True,0.010346926354229957,True,0.020937309799147874,True,0.04357881923311013,True,-0.07084601339014007,True,
16aad438-fe7b-4f9e-9d67-2b4f5dd2f94c,RVNL,clu_16aad438-fe7b-4f9e-9d67-2b4f5dd2f94c,1,2025-05-21T18:39:08.073000,2025-05-22T09:15:00,2025-05-22,True,-0.0152160681679853,negative,410.75,-0.03164942178940966,True,0.010346926354229957,True,0.020937309799147874,True,0.04357881923311013,True,-0.07084601339014007,True,
1a46c329-49d8-4a26-843a-d9cd86653f1a,RELIANCE,clu_1a46c329-49d8-4a26-843a-d9cd86653f1a,3,2026-07-17T19:09:24.257000,2026-07-20T09:15:00,2026-07-20,True,-0.0127707244212097,negative,1339.0,-0.02569081404032869,True,-0.04958924570575063,True,-0.04331590739357727,True,-0.014936519790888725,True,-0.017176997759522084,True,
640d1dbf-086c-4dac-8c3b-2554826840f2,RELIANCE,clu_1dd7df15-7ce7-4588-af83-99bc9e161e37,3,2025-04-25T20:28:58.920000,2025-04-28T09:15:00,2025-04-28,True,0.0297708772987639,positive,1326.8,0.05434127223394647,True,0.07212842930358754,True,0.06873681037081703,True,0.06760627072656011,True,0.07340970756707876,True,
1fb6dc13-8133-459f-9a9c-cda3a4242e1f,NYKAA,clu_1fb6dc13-8133-459f-9a9c-cda3a4242e1f,1,2024-01-29T18:22:47.450000,2024-01-30T09:15:00,2024-01-30,True,0.0146699266503667,positive,163.6,0.0,True,-0.005195599022004838,True,-0.018948655256723734,True,-0.0953545232273838,True,-0.06784841075794623,True,
1fc5241e-b80c-4e3a-83f9-75bf69f4a328,HDFCBANK,clu_1fc5241e-b80c-4e3a-83f9-75bf69f4a328,1,2024-07-20T14:53:57.327000,2024-07-22T09:15:00,2024-07-22,True,0.0120808678500985,positive,811.2,-0.003574950690335421,True,-0.0039447731755424265,True,-0.01072485207100593,True,-0.0039447731755424265,True,0.00714990138067062,True,
211b8a16-798b-4125-b647-c1a137e7b428,NYKAA,clu_211b8a16-798b-4125-b647-c1a137e7b428,3,2026-02-05T15:46:36.630000,2026-02-06T09:15:00,2026-02-06,True,0.0391170508296419,positive,266.38,0.039867857947293306,True,0.039867857947293306,True,0.01734364441774905,True,-0.007432990464749656,True,-0.06224191005330726,True,
21a4b4ee-f771-444a-86ea-f1ff254a4bc8,RVNL,clu_21a4b4ee-f771-444a-86ea-f1ff254a4bc8,1,2025-02-14T19:53:57.867000,2025-02-17T09:15:00,2025-02-17,True,0.0139094406629181,positive,337.9,-0.01849659662622083,True,0.12474104764723304,True,0.0760580053270199,True,-0.03403373779224628,True,0.04631547795205693,True,
26ada054-2010-42e6-be95-6c89b1f2460a,HAL,clu_26ada054-2010-42e6-be95-6c89b1f2460a,1,2026-08-12T14:07:34.347000,2026-08-12T14:08:00,2026-08-12,True,0.0304280556988139,positive,4847.5,0.02011346054667351,True,0.043630737493553395,True,0.03496647756575544,True,,False,,False,future_session_unavailable
b2742470-ec5b-4c98-9ac5-a35045404359,RELIANCE,clu_26f98bfd-f150-493b-80ee-923f262354b7,4,2024-10-14T18:58:35.220000,2024-10-15T09:15:00,2024-10-15,True,-0.0128506388603318,negative,1361.8,-0.005213687766191688,True,-0.0024232633279482885,True,-0.01446614774563082,True,-0.01600822440887062,True,-0.06777794096049339,True,
27074ebe-4a8e-4306-b9e3-d0178f2ffcc9,HDFCBANK,clu_27074ebe-4a8e-4306-b9e3-d0178f2ffcc9,1,2025-01-28T21:24:47.417000,2025-01-29T09:15:00,2025-01-29,True,-0.0023809523809523,negative,840.0,0.007857142857142785,True,0.0071428571428571175,True,0.021666666666666723,True,0.012499999999999956,True,0.0004761904761905189,True,
279bd8f3-490d-4f1a-b722-085c6a70106a,HAL,clu_279bd8f3-490d-4f1a-b722-085c6a70106a,1,2024-11-14T12:54:09.897000,2024-11-14T12:55:00,2024-11-14,True,0.001758542363774,positive,4094.3,-0.0023935715506924193,True,-0.02547444007522659,True,0.047785946315609396,True,0.10031018733361008,True,0.14183132647827468,True,
2b511ff4-e61d-4781-bf4f-5299236a000d,NYKAA,clu_2b511ff4-e61d-4781-bf4f-5299236a000d,2,2024-05-22T16:18:51.503000,2024-05-23T09:15:00,2024-05-23,True,-0.0598753725277703,negative,184.55,-0.09049038201029536,True,-0.10024383635871037,True,-0.12652397724193998,True,-0.08019506908696838,True,-0.05581143321593074,True,
32c43f23-2809-4254-97c5-6409e497ce8b,NYKAA,clu_32c43f23-2809-4254-97c5-6409e497ce8b,2,2026-05-21T16:18:46.007000,2026-05-22T09:15:00,2026-05-22,True,-0.0229681978798587,negative,283.0,-0.04399293286219075,True,-0.06819787985865733,True,-0.060070671378091856,True,-0.0886925795053004,True,0.07685512367491176,True,
334cddad-5cd9-4597-b4a1-e1435f59067a,HDFCBANK,clu_334cddad-5cd9-4597-b4a1-e1435f59067a,1,2024-07-20T14:14:30.630000,2024-07-22T09:15:00,2024-07-22,True,0.0120808678500985,positive,811.2,-0.003574950690335421,True,-0.0039447731755424265,True,-0.01072485207100593,True,-0.0039447731755424265,True,0.00714990138067062,True,
5853fca9-0d88-431e-a5b8-6af5422a9b0b,RELIANCE,clu_36299b0b-14e5-455c-bfae-66f5341d02cc,4,2025-07-18T19:33:19.293000,2025-07-21T09:15:00,2025-07-21,True,-0.011968177101349,negative,1445.5,-0.021930127983396774,True,-0.02953995157384992,True,-0.04040124524386035,True,-0.024420615703908632,True,-0.016949152542372836,True,
66682eb3-0da8-4e67-bc7f-ba209a9ec90e,NYKAA,clu_378c2163-f261-4d64-be4f-6e8977cc3cc4,2,2024-11-12T15:54:55.563000,2024-11-13T09:15:00,2024-11-13,True,-0.0730337078651686,negative,186.9,-0.08758694489031571,True,-0.09042268592830394,True,-0.0867843766720171,True,-0.08191546281433926,True,-0.101123595505618,True,
39dacc47-9fc2-4c81-9fc9-c8bf7c0796ae,NYKAA,clu_39dacc47-9fc2-4c81-9fc9-c8bf7c0796ae,2,2024-08-13T15:50:40.970000,2024-08-14T09:15:00,2024-08-14,True,-0.0218356390666941,negative,193.72,-0.0011356597150526948,True,-0.0057815403675407495,True,0.08352260995250882,True,0.08501961594053276,True,0.0716498038405946,True,
6cc3a2c3-75cd-4dad-99b4-6593197eabeb,NYKAA,clu_3f44b42e-4680-4e23-850a-6f3ee82001c1,2,2026-08-04T16:26:04.860000,2026-08-05T09:15:00,2026-08-05,True,-0.0258533042846768,negative,344.25,-0.035729847494553435,True,-0.05969498910675386,True,-0.04705882352941171,True,-0.049092229484386296,True,,False,future_session_unavailable
4a3d87b7-7a8d-43f1-886f-6ab24b72c79f,HDFCBANK,clu_4a3d87b7-7a8d-43f1-886f-6ab24b72c79f,1,2024-10-19T14:10:01.670000,2024-10-21T09:15:00,2024-10-21,True,0.0012769909449732,positive,861.4,-0.004643603436266575,True,0.016020431855119588,True,0.008242396099373162,True,-0.0034827025771999587,True,0.007661945669839909,True,
54bbbc61-2323-4613-8cf8-25ccf002dd8e,NYKAA,clu_4db07f35-f5c8-4a09-aca6-52f79d3963a3,3,2025-02-10T15:35:56.107000,2025-02-11T09:15:00,2025-02-11,True,-0.0340450086555107,negative,173.3,-0.010963646855164488,True,-0.028332371609925078,True,-0.018465089440277027,True,-0.06110790536641664,True,-0.04212348528563192,True,
504d44c3-9c2a-4d9c-b247-bec01839eaab,HDFCBANK,clu_504d44c3-9c2a-4d9c-b247-bec01839eaab,1,2026-07-18T14:27:17.553000,2026-07-20T09:15:00,2026-07-20,True,-0.0102417302798981,negative,786.0,-0.03117048346055984,True,-0.05108142493638679,True,-0.05820610687022898,True,-0.041984732824427495,True,-0.0725190839694656,True,
5138ed0a-c4d0-477a-bf6e-ebbbcc3dd17a,RVNL,clu_5138ed0a-c4d0-477a-bf6e-ebbbcc3dd17a,1,2025-11-11T19:28:05.450000,2025-11-12T09:15:00,2025-11-12,True,0.0213454075032342,positive,309.2,0.01665588615782676,True,0.05756791720569221,True,0.03557567917205695,True,0.04479301423027171,True,-0.0016170763260026089,True,
52acb470-fea0-4605-800d-7a6e62ee4e3f,RVNL,clu_52acb470-fea0-4605-800d-7a6e62ee4e3f,1,2026-08-11T14:43:53.780000,2026-08-11T14:44:00,2026-08-11,True,0.0034904013961605,positive,229.2,0.003490401396160525,True,-0.008071553228621298,True,-0.018324607329842868,True,,False,,False,future_session_unavailable
53f1d3bb-4b9d-46fb-9147-d17adf961e0a,HAL,clu_53f1d3bb-4b9d-46fb-9147-d17adf961e0a,1,2025-02-12T13:52:30.810000,2025-02-12T13:53:00,2025-02-12,True,-0.0014557857083437,negative,3606.3,0.01562543326955601,True,-0.0322491195962622,True,-0.06885173169176173,True,-0.10187727033247373,True,-0.05859190860438679,True,
5771886d-9a41-4003-8452-32a594374136,RVNL,clu_5771886d-9a41-4003-8452-32a594374136,1,2024-11-07T15:49:20.113000,2024-11-08T09:15:00,2024-11-08,True,-0.0062111801242236,negative,450.8,-0.029503105590062084,True,-0.06932120674356701,True,-0.07719609582963627,True,-0.037267080745341685,True,0.018189884649511878,True,
5b3e57f6-a818-4d84-8596-922a5521aa81,NYKAA,clu_5b3e57f6-a818-4d84-8596-922a5521aa81,3,2025-11-07T16:00:14.757000,2025-11-10T09:15:00,2025-11-10,True,0.0308052174602546,positive,252.23,0.03714863418308689,True,0.01752368869682419,True,0.07005510843277962,True,0.07283035324901888,True,0.005629782341513678,True,
60202774-0033-4dc9-a75a-880d999201ba,HDFCBANK,clu_60202774-0033-4dc9-a75a-880d999201ba,2,2025-07-19T14:59:59.280000,2025-07-21T09:15:00,2025-07-21,True,0.0064360418342719,positive,994.4,0.008145615446500498,True,0.011464199517296825,True,0.010659694288012833,True,0.0028157683024940816,True,0.0006033789219630492,True,
6671deef-f7e6-47f6-ad30-921b76bb9cde,RVNL,clu_6671deef-f7e6-47f6-ad30-921b76bb9cde,1,2026-05-25T19:01:52.817000,2026-05-26T09:15:00,2026-05-26,True,-0.0177492447129908,negative,264.8,-0.04512839879154085,True,-0.08969033232628398,True,-0.09879154078549857,True,-0.1378776435045318,True,-0.0937311178247735,True,
6799d833-aafe-49e5-8111-1bbc596e1f1e,RVNL,clu_6799d833-aafe-49e5-8111-1bbc596e1f1e,1,2025-08-12T15:11:21.973000,2025-08-12T15:12:00,2025-08-12,True,-0.032919347598384,negative,334.15,-0.023791710309741143,True,-0.029926679634894482,True,-0.009426904084991694,True,-0.07810863384707456,True,0.0040401017507107895,True,
6b2f033b-d40d-4af7-9c7a-8f51b35f55bc,HAL,clu_6b2f033b-d40d-4af7-9c7a-8f51b35f55bc,1,2026-02-12T13:16:40.387000,2026-02-12T13:17:00,2026-02-12,True,0.0193935549971946,positive,4099.3,0.026028834191203387,True,0.034322933183714266,True,0.005049642621911099,True,-0.023003927499817056,True,-0.04569072768521454,True,
6cef8f26-381f-4da0-8565-f581a3896c6c,HAL,clu_6cef8f26-381f-4da0-8565-f581a3896c6c,1,2026-05-14T12:40:46.420000,2026-05-14T12:41:00,2026-05-14,True,-0.0097200120424927,negative,4650.2,-0.058750161283385616,True,-0.06672831276074154,True,-0.06154573996817336,True,-0.0738247817298181,True,-0.09853339641305747,True,
7992bfcb-614a-424f-b31d-b4b880ef3a58,NYKAA,clu_6e2542bd-24ab-49c0-a87a-1b76cb29e30d,3,2025-05-30T16:39:40.970000,2025-06-02T09:15:00,2025-06-02,True,-0.0185662973642939,negative,197.67,-0.011989679769312422,True,0.003945970556988865,True,0.023018161582435415,True,-0.013861486315576377,True,0.05225881519704556,True,
72e19e04-7a6d-4a96-bf0e-cdfa2ddd361b,RELIANCE,clu_72e19e04-7a6d-4a96-bf0e-cdfa2ddd361b,2,2026-04-24T19:26:25.357000,2026-04-27T09:15:00,2026-04-27,True,0.0343525858814646,positive,1324.5,0.05171762929407331,True,0.08418271045677606,True,0.10419026047565128,True,0.03171007927519809,True,0.02453756134390339,True,
74d41429-2eaa-48b4-b0af-03616f1d4334,HDFCBANK,clu_74d41429-2eaa-48b4-b0af-03616f1d4334,1,2024-01-16T15:53:09.723000,2024-01-17T09:15:00,2024-01-17,True,-0.0285930217911575,negative,793.9,-0.061090817483310245,True,-0.06751480035268931,True,-0.08275601461141191,True,-0.07645799219045213,True,-0.1087038669857664,True,
e1e631b1-c7e8-4b69-af6d-50f34bc48edb,RELIANCE,clu_7aa08d16-d97f-4976-8c17-dd9d156d5338,4,2024-07-19T19:15:49.413000,2024-07-22T09:15:00,2024-07-22,True,-0.0083828382838284,negative,1515.0,-0.01980198019801982,True,-0.013729372937293705,True,0.0027062706270626347,True,-0.04422442244224423,True,-0.014191419141914241,True,
7ac7975a-d6fa-430f-86c7-5446fe76f5c8,HAL,clu_7ac7975a-d6fa-430f-86c7-5446fe76f5c8,1,2024-02-12T14:03:01.463000,2024-02-12T14:04:00,2024-02-12,True,-0.0063286713286713,negative,2860.0,0.01935314685314693,True,0.055664335664335596,True,0.058741258741258795,True,0.06783216783216783,True,0.17881118881118874,True,
7b58974b-ef6a-4c83-87a8-4c0318568a78,RVNL,clu_7b58974b-ef6a-4c83-87a8-4c0318568a78,1,2024-02-08T16:32:24.460000,2024-02-09T09:15:00,2024-02-09,True,-0.0259496051147046,negative,265.9,-0.1350131628431741,True,-0.06242948476870991,True,-0.05359157578036844,True,-0.00545317788642341,True,-0.10643098909364412,True,
7bc1462c-69f8-4db0-94b7-966b3f0c1320,HDFCBANK,clu_7bc1462c-69f8-4db0-94b7-966b3f0c1320,1,2026-04-18T15:03:17.460000,2026-04-20T09:15:00,2026-04-20,True,0.0024582414119129,positive,793.25,0.02363693665300981,True,-0.01178695241096761,True,-0.004097069019855071,True,-0.025275764260951683,True,-0.03838638512448789,True,
80e3b99c-2bb1-49f4-86d9-6921b92d8232,RVNL,clu_80e3b99c-2bb1-49f4-86d9-6921b92d8232,1,2024-11-07T15:45:50.377000,2024-11-08T09:15:00,2024-11-08,True,-0.0062111801242236,negative,450.8,-0.029503105590062084,True,-0.06932120674356701,True,-0.07719609582963627,True,-0.037267080745341685,True,0.018189884649511878,True,
817c7bbc-60a9-484f-83c0-fad34de0b1c7,HDFCBANK,clu_817c7bbc-60a9-484f-83c0-fad34de0b1c7,2,2025-04-19T14:58:31.240000,2025-04-21T09:15:00,2025-04-21,True,-0.0051674245556014,negative,967.6,0.01281521289789156,True,-0.010541546093427057,True,-0.007337742868954167,True,-0.003410500206697087,True,-0.009301364200082651,True,
8fdc7c75-ff59-4ced-a580-1c780740fead,RELIANCE,clu_86d876c5-2ffb-49f8-be6b-62300a8b4517,4,2025-10-17T19:00:55.180000,2025-10-20T09:15:00,2025-10-20,True,0.011438021084545,positive,1451.3,0.006683662922896794,True,-0.00013780748294633938,True,0.026459036725694274,True,0.013642940811686044,True,0.04664783297733077,True,
87c305a7-bf10-4095-a589-ac812727da4d,HDFCBANK,clu_87c305a7-bf10-4095-a589-ac812727da4d,1,2024-10-23T15:29:54.947000,2024-10-24T09:15:00,2024-10-24,True,-0.0013692377909629,negative,876.4,-0.003993610223642197,True,-0.0017115472387038144,True,-0.010497489730716514,True,-0.005248744865358312,True,0.01494751255134652,True,
89764d5e-0a17-43b8-900b-3035a31f10b3,HDFCBANK,clu_89764d5e-0a17-43b8-900b-3035a31f10b3,1,2024-04-20T14:33:08.687000,2024-04-22T09:15:00,2024-04-22,True,-0.0078616352201258,negative,763.2,-0.01231656184486385,True,-0.008123689727463357,True,0.001441299790356343,True,-0.013626834381551434,True,-0.04612159329140464,True,
89bfbc75-e9c3-471c-8c83-9100d25f670f,RVNL,clu_89bfbc75-e9c3-471c-8c83-9100d25f670f,1,2026-02-05T15:32:02.427000,2026-02-06T09:15:00,2026-02-06,True,-0.0012751036021676,negative,313.7,0.010838380618425347,True,0.009085113165444803,True,-0.014663691424928182,True,-0.006534905961109394,True,-0.114121772394007,True,
8baa23a6-a2f1-4e52-84a5-28f400368b85,RVNL,clu_8baa23a6-a2f1-4e52-84a5-28f400368b85,1,2024-08-08T14:15:07.523000,2024-08-08T14:16:00,2024-08-08,True,-0.0249412615217783,negative,553.3,-0.06307608892101935,True,0.02819446954635829,True,0.03126694379179473,True,0.03686969094523773,True,0.03379721669980129,True,
8c62e621-47b6-420e-917c-2c7a9c5abd24,RVNL,clu_8c62e621-47b6-420e-917c-2c7a9c5abd24,1,2023-11-09T16:41:01.890000,2023-11-10T09:15:00,2023-11-10,True,-0.010446343779677,negative,157.95,0.004115226337448652,True,0.009496676163342821,True,0.05318138651471993,True,0.05792972459639123,True,0.12693890471668268,True,
8cc778a3-04c7-43ba-a87c-7533113e97aa,RELIANCE,clu_8cc778a3-04c7-43ba-a87c-7533113e97aa,4,2023-10-27T19:23:39.370000,2023-10-30T09:15:00,2023-10-30,True,0.0092665442783459,positive,1143.9,0.0005245213742459676,True,0.013637555730395823,True,0.02216102806189335,True,0.018839059358335408,True,0.046944662995016984,True,
9babb943-60b7-4327-a8ba-1cdad63a2d65,NYKAA,clu_9babb943-60b7-4327-a8ba-1cdad63a2d65,3,2023-11-06T15:40:54.333000,2023-11-07T09:15:00,2023-11-07,True,-0.033052495139339,negative,154.3,-0.033700583279326124,True,-0.02786779001944273,True,-0.01944264419961117,True,0.1156837329876863,True,0.12410887880751775,True,
9caa1578-fa54-47a3-bdfb-0daf94ff809f,HAL,clu_9caa1578-fa54-47a3-bdfb-0daf94ff809f,1,2025-08-12T14:20:48.130000,2025-08-12T14:21:00,2025-08-12,True,0.0066273429137535,positive,4390.9,0.030836502767086493,True,0.027511444123072826,True,0.018014530050787014,True,-0.008449292855678636,True,0.04286137238379384,True,
af7f6583-2293-422e-8760-37cd3ff678f7,RVNL,clu_af7f6583-2293-422e-8760-37cd3ff678f7,1,2024-08-08T14:21:40.100000,2024-08-08T14:22:00,2024-08-08,True,-0.0077248482619092,negative,543.7,-0.04653301453007186,True,0.04634908957145467,True,0.049475813867941865,True,0.055177487585065244,True,0.05205076328857827,True,
b7ff9cb7-22e9-4d8d-9fc8-c6b56da97c64,HAL,clu_b7ff9cb7-22e9-4d8d-9fc8-c6b56da97c64,1,2024-08-14T14:22:12.250000,2024-08-14T14:23:00,2024-08-14,True,-0.0197790636507101,negative,4752.5,0.0005260389268806342,True,-0.0030510257759074344,True,0.0032614413466596215,True,-0.029163598106259903,True,-0.024923724355602306,True,
ed02b8e8-2c61-4344-85e7-7668817d7f36,NYKAA,clu_ba52e3d9-19a4-454f-a742-93c15f32907d,2,2024-02-06T15:30:12.647000,2024-02-07T09:15:00,2024-02-07,True,-0.0653869226154767,negative,166.7,-0.0884823035392921,True,-0.12777444511097769,True,-0.07618476304739041,True,-0.0941811637672465,True,-0.04199160167966409,True,
c059949f-fcb3-4bb9-8072-7009faead401,RVNL,clu_c059949f-fcb3-4bb9-8072-7009faead401,1,2024-02-08T16:27:31.537000,2024-02-09T09:15:00,2024-02-09,True,-0.0259496051147046,negative,265.9,-0.1350131628431741,True,-0.06242948476870991,True,-0.05359157578036844,True,-0.00545317788642341,True,-0.10643098909364412,True,
ca008887-c7d7-4625-b9fc-309c56bfeaad,RVNL,clu_ca008887-c7d7-4625-b9fc-309c56bfeaad,1,2025-02-14T20:23:08.527000,2025-02-17T09:15:00,2025-02-17,True,0.0139094406629181,positive,337.9,-0.01849659662622083,True,0.12474104764723304,True,0.0760580053270199,True,-0.03403373779224628,True,0.04631547795205693,True,
cc7d8146-478a-49aa-961d-5087ec17e7e8,HDFCBANK,clu_cc7d8146-478a-49aa-961d-5087ec17e7e8,1,2023-10-16T15:51:12.960000,2023-10-17T09:15:00,2023-10-17,True,-0.0068254990341274,negative,776.5,-0.021893110109465597,True,-0.019188667095943357,True,-0.03799098518995492,True,-0.04893754024468766,True,-0.031036703155183587,True,
d26f2f3b-71e7-4a24-8d8b-7fa6c4aaa964,RVNL,clu_d26f2f3b-71e7-4a24-8d8b-7fa6c4aaa964,1,2025-08-12T15:22:20.250000,2025-08-12T15:23:00,2025-08-12,True,-0.0113201774514304,negative,326.85,-0.001988679822548689,True,-0.00826067003212494,True,0.012696955790117759,True,-0.05751873948294328,True,0.026464739176992325,True,
d2a03ad3-7fc3-40ac-b54b-e1d8d2ffc6bf,HAL,clu_d2a03ad3-7fc3-40ac-b54b-e1d8d2ffc6bf,1,2024-05-16T14:16:12,2024-05-16T14:17:00,2024-05-16,True,0.0871776840131268,positive,4266.0,0.06188466947960625,True,0.1193155180496952,True,0.16010314111579937,True,0.16830754805438342,True,0.19901547116736995,True,
d2a1d4d3-ac40-4e44-980f-889d0df2d7f1,HAL,clu_d2a1d4d3-ac40-4e44-980f-889d0df2d7f1,1,2025-05-14T13:19:27.863000,2025-05-14T13:20:00,2025-05-14,True,0.0312870859855431,positive,4634.5,0.04973567806667378,True,0.0823174020929982,True,0.0795123530046391,True,0.08328838062358401,True,0.08749595425612267,True,
d5e6629d-d71e-48be-a7d6-b8afb706eb54,RVNL,clu_d5e6629d-d71e-48be-a7d6-b8afb706eb54,1,2026-02-05T15:24:07.850000,2026-02-05T15:25:00,2026-02-05,True,0.0015817779183802,positive,316.1,-0.008857956342929518,True,0.011072445428661926,True,-0.006327111673521069,True,-0.033059158494147534,True,-0.09601391964568184,True,
d6f44652-033f-4b55-b6b9-5e6828c2a7a6,RVNL,clu_d6f44652-033f-4b55-b6b9-5e6828c2a7a6,1,2024-05-17T16:54:56.213000,2024-05-18T09:15:00,2024-05-18,True,-0.0144736842105261,negative,304.0,0.11677631578947367,True,0.22697368421052633,True,0.24342105263157898,True,0.3315789473684212,True,0.3029605263157895,True,
ea3ea8a5-4858-43fe-8b14-2e2af6a9ecf4,HAL,clu_ea3ea8a5-4858-43fe-8b14-2e2af6a9ecf4,1,2025-02-12T13:33:04.110000,2025-02-12T13:34:00,2025-02-12,True,-0.003638426207736,negative,3614.2,0.013405456255879633,True,-0.03436445133086152,True,-0.07088705661003813,True,-0.10384040728238608,True,-0.060649659675723444,True,
eab44fb7-0346-4414-b532-0b3560b1690f,RVNL,clu_eab44fb7-0346-4414-b532-0b3560b1690f,1,2023-11-09T16:37:31.887000,2023-11-10T09:15:00,2023-11-10,True,-0.010446343779677,negative,157.95,0.004115226337448652,True,0.009496676163342821,True,0.05318138651471993,True,0.05792972459639123,True,0.12693890471668268,True,
fb92c392-fb37-4bf6-8cd1-28e52c7eba25,RVNL,clu_fb92c392-fb37-4bf6-8cd1-28e52c7eba25,1,2026-08-11T14:37:33.183000,2026-08-11T14:38:00,2026-08-11,True,-0.0060930815435806,negative,231.41,-0.006093081543580681,True,-0.017544617777969895,True,-0.027699753683937622,True,,False,,False,future_session_unavailable
fbbe6de0-7819-4f56-8c46-5a9497596d42,RVNL,clu_fbbe6de0-7819-4f56-8c46-5a9497596d42,1,2024-05-17T16:49:24.310000,2024-05-18T09:15:00,2024-05-18,True,-0.0144736842105261,negative,304.0,0.11677631578947367,True,0.22697368421052633,True,0.24342105263157898,True,0.3315789473684212,True,0.3029605263157895,True,
ff8a3d7d-d8d4-48d7-963c-922c5ade610d,RVNL,clu_ff8a3d7d-d8d4-48d7-963c-922c5ade610d,1,2025-02-14T20:16:00.580000,2025-02-17T09:15:00,2025-02-17,True,0.0139094406629181,positive,337.9,-0.01849659662622083,True,0.12474104764723304,True,0.0760580053270199,True,-0.03403373779224628,True,0.04631547795205693,True,
