symbol,subject_group,horizon,independent_event_count,analysis_status,n,mean_return,median_return,standard_error,ci95_lower,ci95_upper
HAL,board_governance,5m,85,inferential,83,0.0004780859615005576,0.0004833301446969,0.0005052327589122489,-0.0005121702459674501,0.0014683421689685654
HAL,board_governance,30m,85,inferential,83,-0.0007395659163152254,-0.0005719733079122,0.0009288770941690957,-0.002560165020886653,0.0010810331882562022
HAL,board_governance,60m,85,inferential,81,-0.0008616782835394047,-0.0008688693266263,0.0012426619678625607,-0.0032972957405500236,0.001573939173471214
HAL,board_governance,session_close,85,inferential,85,-8.0179566623593e-05,-0.0005684754521962,0.0014702982046649704,-0.002961964047766935,0.0028016049145197486
HAL,board_governance,d1,85,inferential,85,-0.0008860595573023593,-0.0002880245780974,0.0022605003831199172,-0.005316640308217397,0.003544521193612678
HAL,board_governance,d5,85,inferential,85,0.011302015893742781,0.0128702195508041,0.0047135420341311,0.0020634735068458254,0.020540558280639738
HAL,board_governance,d10,85,inferential,85,0.019880496146633876,0.012576064908722,0.006849336075268371,0.006455797439107869,0.033305194854159885
HAL,board_governance,d20,85,inferential,82,0.020634476987045364,-0.016745145895778548,0.012129636200362122,-0.0031396099656643937,0.04440856393975512
HAL,business_updates,5m,89,inferential,89,-0.00037619897126287726,0.0002043968023257,0.0008504761371348708,-0.002043132200047224,0.0012907342575214694
HAL,business_updates,30m,89,inferential,88,0.0002899950284569299,0.0001468648615029153,0.0010656976254267776,-0.0017987723173795542,0.002378762374293414
HAL,business_updates,60m,89,inferential,83,0.0010654400283424828,0.0011229289376668,0.0015308584032640074,-0.0019350424420549717,0.004065922498739938
HAL,business_updates,session_close,89,inferential,89,0.002089062449514006,0.0002005302912144,0.0015601620016074962,-0.0009688550736366864,0.005146979972664698
HAL,business_updates,d1,89,inferential,89,0.004242553018054282,0.0013531799729364,0.002714868591567998,-0.0010785894214189948,0.009563695457527558
HAL,business_updates,d5,89,inferential,89,0.015072843669008969,0.0098869329931379,0.006192794959910597,0.0029349655475841997,0.02721072179043374
HAL,business_updates,d10,89,inferential,89,0.021147839345336546,0.0045389156208144,0.008954287315681915,0.003597436206599993,0.038698242484073095
HAL,business_updates,d20,89,inferential,88,0.03474864365808344,-0.011878465865371751,0.012415370522812604,0.010414517433370733,0.05908276988279614
HAL,capital_structure,5m,11,inferential,11,0.0019214259827312946,0.0012862031741658,0.0009554433511228069,4.875701453059306e-05,0.003794094950931996
HAL,capital_structure,30m,11,inferential,10,0.00315063684988053,0.0017278887270452,0.0017054617165716249,-0.00019206811459985445,0.006493341814360915
HAL,capital_structure,60m,11,inferential,10,0.00173207442567356,5.547335076920004e-05,0.0025640492807792415,-0.0032934621646537538,0.0067576110160008735
HAL,capital_structure,session_close,11,inferential,11,0.0005131525168809818,-0.0012866755257439,0.005130999587322205,-0.00954360667427054,0.010569911708032504
HAL,capital_structure,d1,11,inferential,11,0.0023436506043043727,0.0004429538695185,0.005224601456943584,-0.007896568251305051,0.012583869459913797
HAL,capital_structure,d5,11,inferential,11,0.0252519847278775,0.0219156700204603,0.01579137494219953,-0.0056991101588335785,0.05620307961458858
HAL,capital_structure,d10,11,inferential,11,0.040058908194418916,0.0222823491962438,0.024493711074233978,-0.007948765511079682,0.0880665818999175
HAL,capital_structure,d20,11,inferential,11,0.024726022147154178,-0.0027420953827332,0.037184900212107276,-0.048156382268576076,0.09760842656288443
HAL,corporate_actions,5m,12,inferential,12,0.002979779102228725,0.0019893090772098,0.0011548056776644047,0.000716359974006492,0.005243198230450958
HAL,corporate_actions,30m,12,inferential,12,0.0005391447528633417,-0.0013117400736591,0.0016616886025892293,-0.0027177649082115478,0.003796054413938231
HAL,corporate_actions,60m,12,inferential,12,0.0015076590412355167,-0.0008072246607133,0.0027351547876864005,-0.0038532443426298286,0.0068685624251008616
HAL,corporate_actions,session_close,12,inferential,12,0.0023317378807531084,0.0016901266333686,0.004547682902122273,-0.006581720607406546,0.011245196368912762
HAL,corporate_actions,d1,12,inferential,12,-0.0012728916733276586,-0.0019171585691942,0.008289159858282536,-0.01751964499556143,0.014973861648906111
HAL,corporate_actions,d5,12,inferential,12,-8.033945410432519e-05,0.01292212246853425,0.011349645770083698,-0.022325645163468376,0.022164966255259724
HAL,corporate_actions,d10,12,inferential,12,-0.010171688515374892,0.0024698311461275,0.01704316768925612,-0.043576297186316885,0.023232920155567098
HAL,corporate_actions,d20,12,inferential,12,-0.03826677222484832,-0.05149839753687095,0.01621188974258506,-0.07004207612031504,-0.006491468329381599
HAL,credit_ratings,5m,5,descriptive_only,5,-0.0010626134829007398,-0.0009370494954348,0.00132960900808447,-0.003668647138746301,0.0015434201729448214
HAL,credit_ratings,30m,5,descriptive_only,5,-0.00017598310736565478,1.2013455069626032e-05,0.0016299234306071375,-0.0033706330313556443,0.0030186668166243347
HAL,credit_ratings,60m,5,descriptive_only,5,0.0027108187894653198,0.0023185968284478,0.0020805933248717497,-0.0013671441272833096,0.006788781706213949
HAL,credit_ratings,session_close,5,descriptive_only,5,0.007243615801373999,0.012253980193055,0.007034827324374402,-0.006544645754399828,0.021031877357147826
HAL,credit_ratings,d1,5,descriptive_only,5,0.008457622436861222,0.0044250012571025,0.008678424452244227,-0.008552089489537461,0.025467334363259906
HAL,credit_ratings,d5,5,descriptive_only,5,0.015295166865059783,0.0052495072102916,0.013745640303412753,-0.011646288129629211,0.042236621859748774
HAL,credit_ratings,d10,5,descriptive_only,5,-0.013322959682320121,-0.0160805062765847,0.020435746008641596,-0.05337702185925765,0.02673110249461741
HAL,credit_ratings,d20,5,descriptive_only,5,0.029462030743086766,0.0326092422185348,0.032274518534360815,-0.03379602558426043,0.09272008707043397
HAL,financial_results,5m,13,inferential,13,0.004745531791033893,0.003666094848099,0.0030398401605066677,-0.0012125549235591756,0.010703618505626962
HAL,financial_results,30m,13,inferential,13,0.00952466114059813,0.0084892542629229,0.00632118167004466,-0.002864854932689403,0.021914177213885666
HAL,financial_results,60m,13,inferential,13,0.0069577248930870386,0.0056664142832718,0.007022672346652974,-0.006806712906352791,0.020722162692526868
HAL,financial_results,session_close,13,inferential,13,0.008236495427407824,-0.0014557857083437,0.008127779967046894,-0.007693953308004087,0.024166944162819736
HAL,financial_results,d1,13,inferential,13,0.012286632986032038,0.015625433269556,0.008499727291390662,-0.00437283250509366,0.028946098477157733
HAL,financial_results,d5,13,inferential,13,0.016248684705227032,0.018014530050787,0.018072053721539215,-0.019172540588989827,0.05166990999944389
HAL,financial_results,d10,13,inferential,12,0.00825004207175255,-0.0157266101777478,0.02623071224991286,-0.04316215393807666,0.059662238081581755
HAL,financial_results,d20,13,inferential,12,0.05012254375092325,0.008968824014095749,0.04188298162793119,-0.03196810023982188,0.13221318774166838
HAL,investor_communication,5m,17,inferential,17,0.0006353263845826147,-2.0783971401150403e-05,0.0010380355212472854,-0.0013992232370620646,0.002669876006227294
HAL,investor_communication,30m,17,inferential,17,-0.00039254713075607674,0.0005915813424346,0.0036907136481869086,-0.007626345881202418,0.006841251619690264
HAL,investor_communication,60m,17,inferential,17,0.003563155086138423,0.0020075531703438,0.0048098389916734876,-0.005864129337541612,0.012990439509818458
HAL,investor_communication,session_close,17,inferential,17,0.0041197592105469884,0.0023852116875373,0.006259644183585143,-0.00814914338927989,0.016388661810373868
HAL,investor_communication,d1,17,inferential,17,0.013982647116709213,0.0094774909589725,0.009129285596610892,-0.003910752652648133,0.03187604688606656
HAL,investor_communication,d5,17,inferential,17,0.027430608156396356,0.0058818639065552,0.019738903987365823,-0.011257643658840653,0.06611885997163336
HAL,investor_communication,d10,17,inferential,17,0.03530224400780621,0.000415679428025,0.025313997445388252,-0.01431319098515476,0.08491767900076719
HAL,investor_communication,d20,17,inferential,16,0.03950948237364536,0.0129233021447989,0.027661708641927536,-0.014707466564532604,0.09372643131182333
HAL,regulatory_compliance,5m,20,inferential,20,-0.0006204097648008635,-0.00061068979119875,0.00069490581091294,-0.001982425154190226,0.0007416056245884989
HAL,regulatory_compliance,30m,20,inferential,19,-0.00026733780217775264,-0.0008164165931155,0.0013264196896291681,-0.002867120393850922,0.002332444789495417
HAL,regulatory_compliance,60m,20,inferential,19,7.503725279718428e-05,0.0012445392664837,0.0018289596989866084,-0.0035097237572165683,0.0036597982628109368
HAL,regulatory_compliance,session_close,20,inferential,20,-0.00226503949186518,-0.0010856651274599501,0.0037769305909553345,-0.009667823450137636,0.005137744466407275
HAL,regulatory_compliance,d1,20,inferential,20,-0.00735311420219067,-0.0032933551791924,0.004895254988522573,-0.016947813979694915,0.0022415855753135736
HAL,regulatory_compliance,d5,20,inferential,20,-0.016221023445983446,-0.001059053865788,0.014470708474465096,-0.04458361205593503,0.012141565163968141
HAL,regulatory_compliance,d10,20,inferential,20,-0.012731728334611234,-0.008829926640887149,0.015522562228099678,-0.043155950301686605,0.017692493632464133
HAL,regulatory_compliance,d20,20,inferential,18,-0.004490152561629589,-0.016622978951969,0.028761210350970626,-0.06086212484953201,0.051881819726272836
HAL,strategic_transactions,5m,14,inferential,14,0.0007176771701998432,0.0025394031320332498,0.0018238930977843434,-0.0028571533014574695,0.004292507641857156
HAL,strategic_transactions,30m,14,inferential,13,-0.0004401690822737619,-0.0001061526049849,0.0032120447489734955,-0.006735776790261813,0.005855438625714289
HAL,strategic_transactions,60m,14,inferential,13,0.0002800517476698766,-0.001185944363104,0.0031144441601829963,-0.005824258806288796,0.006384362301628549
HAL,strategic_transactions,session_close,14,inferential,14,-0.0012002162652225792,-0.00257921243964625,0.0056901473075561,-0.012352904988032534,0.009952472457587376
HAL,strategic_transactions,d1,14,inferential,14,-0.0032671730022510574,-0.0071062341012364,0.007550772890570265,-0.01806668786776878,0.011532341863266663
HAL,strategic_transactions,d5,14,inferential,14,-0.009502097694985492,0.0085515050361777,0.018944399823963006,-0.04663312134995298,0.027628925959981995
HAL,strategic_transactions,d10,14,inferential,14,0.006477221904658423,-0.007065125231904601,0.02245176605807515,-0.03752823956916887,0.050482683378485715
HAL,strategic_transactions,d20,14,inferential,14,0.058766564865974195,0.05541096300819695,0.042939390423157156,-0.02539464036341383,0.14292777009536223
HDFCBANK,board_governance,5m,72,inferential,72,-0.0005860048456242414,-0.00031406083110085,0.00029018122500819126,-0.0011547600466402961,-1.7249644608186595e-05
HDFCBANK,board_governance,30m,72,inferential,72,-2.930549598438899e-05,-0.0006133290807546501,0.0006381615641169868,-0.001280102161653683,0.001221491169684905
HDFCBANK,board_governance,60m,72,inferential,69,-0.00016148793718549835,0.0003990821111443,0.0006752643844019967,-0.0014850061306134119,0.0011620302562424152
HDFCBANK,board_governance,session_close,72,inferential,72,-0.00038083209871728657,-0.0002921341984550118,0.0009896444034632587,-0.0023205351295052736,0.0015588709320707005
HDFCBANK,board_governance,d1,72,inferential,72,-0.0008589357681645401,0.0011655304561817,0.001938776455947206,-0.0046589376218210635,0.0029410660854919833
HDFCBANK,board_governance,d5,72,inferential,72,0.001489690849288969,0.0015031225086366501,0.004104348014583602,-0.006554831259294892,0.00953421295787283
HDFCBANK,board_governance,d10,72,inferential,70,0.00018757793793650686,0.0016728724839458,0.004900063497286888,-0.009416546516745793,0.009791702392618808
HDFCBANK,board_governance,d20,72,inferential,70,-0.006610916821039037,-0.0018355002746275502,0.006962059346976045,-0.020256553141112084,0.00703471949903401
HDFCBANK,business_updates,5m,155,inferential,154,-8.562032326035252e-05,0.0,0.00024085381852996667,-0.0005576938075790872,0.00038645316105838216
HDFCBANK,business_updates,30m,155,inferential,152,-0.0005556766967107555,-0.00064512361216285,0.00038810192148919714,-0.0013163564628295818,0.0002050030694080709
HDFCBANK,business_updates,60m,155,inferential,150,-7.679015545537751e-05,-0.0006823430610959,0.0004938962776432103,-0.0010448268596360696,0.0008912465487253146
HDFCBANK,business_updates,session_close,155,inferential,154,-0.0006906411679996261,-0.00155788497497035,0.0007412831674052549,-0.002143556176113926,0.0007622738401146736
HDFCBANK,business_updates,d1,155,inferential,154,-0.002018639188333667,-0.00090689209366435,0.0012632757109411073,-0.0044946595817782365,0.0004573812051109033
HDFCBANK,business_updates,d5,155,inferential,154,-0.0029445299268255464,0.00083709987625955,0.00215192965102932,-0.0071623120428430135,0.0012732521891919207
HDFCBANK,business_updates,d10,155,inferential,154,-0.0010906580820880965,-0.0034827025771999,0.002929375032778181,-0.006832233146333331,0.004650916982157138
HDFCBANK,business_updates,d20,155,inferential,151,-0.003935192015326494,0.0,0.0040811434351746825,-0.011934233148268872,0.004063849117615884
HDFCBANK,capital_structure,5m,130,inferential,127,-0.00044977282865547267,-0.0003588516746411,0.0001811548887754457,-0.0008048364106553463,-9.470924665559911e-05
HDFCBANK,capital_structure,30m,130,inferential,121,-0.00015566638815725124,-0.0008621928437994,0.0003436998736122743,-0.0008293181404373088,0.0005179853641228064
HDFCBANK,capital_structure,60m,130,inferential,112,-0.0002915323684399227,-0.00045320616779265,0.000496920451772297,-0.0012654964539136246,0.0006824317170337793
HDFCBANK,capital_structure,session_close,130,inferential,130,-0.001223096575585634,-0.0010402513811914,0.0006884964488146333,-0.0025725496152623154,0.00012635646409104727
HDFCBANK,capital_structure,d1,130,inferential,130,0.00020147650400893544,0.0008116967864765,0.0011868112814491345,-0.002124673607631368,0.0025276266156492393
HDFCBANK,capital_structure,d5,130,inferential,129,0.0003403535625539216,0.0015929420414164,0.0025856625290829683,-0.004727544994448696,0.00540825211955654
HDFCBANK,capital_structure,d10,130,inferential,129,0.0035255037129829072,0.0018266123366585,0.0037299591770643702,-0.0037852162740632583,0.010836223700029072
HDFCBANK,capital_structure,d20,130,inferential,128,0.00228011132297607,0.001728778294465,0.005441071988215957,-0.008384389773927206,0.012944612419879348
HDFCBANK,corporate_actions,5m,5,descriptive_only,5,0.00010167046355116008,-0.0002011263073209,0.0011309514497085226,-0.002114994377877544,0.002318335304979864
HDFCBANK,corporate_actions,30m,5,descriptive_only,5,-0.0008232245775217601,-0.0015757957768672,0.0018245773340866958,-0.004399396152331684,0.0027529469972881635
HDFCBANK,corporate_actions,60m,5,descriptive_only,5,-0.0002839090228871801,0.0015084473049074,0.0016934444535975227,-0.0036030601519383247,0.0030352421061639644
HDFCBANK,corporate_actions,session_close,5,descriptive_only,5,0.0004602530609458998,0.0024582414119129,0.0029693150750286163,-0.005359604486110187,0.0062801106080019875
HDFCBANK,corporate_actions,d1,5,descriptive_only,5,0.00808536371980766,0.0081456154465004,0.005832961174359296,-0.003347240181936561,0.01951796762155188
HDFCBANK,corporate_actions,d5,5,descriptive_only,5,0.00226517529551456,0.0014412997903563,0.003703436641018457,-0.004993560520881617,0.009523911111910735
HDFCBANK,corporate_actions,d10,5,descriptive_only,5,-0.0073363124488424,-0.003410500206697,0.005398778039652908,-0.0179179174065621,0.0032452925088772983
HDFCBANK,corporate_actions,d20,5,descriptive_only,5,-0.0185205169544098,-0.0093013642000826,0.009932048372817786,-0.03798733176513266,0.0009462978563130608
HDFCBANK,credit_ratings,5m,4,descriptive_only,2,-0.0010605247033104001,-0.0010605247033104001,0.0016560463802993998,-0.004306375608697224,0.0021853262020764233
HDFCBANK,credit_ratings,30m,4,descriptive_only,2,0.00032862143208869997,0.00032862143208869997,0.001636600101975,-0.0028791147677823,0.0035363576319597002
HDFCBANK,credit_ratings,60m,4,descriptive_only,2,-0.00013447022070455,-0.00013447022070455,0.0006704397299946499,-0.0014485320914940636,0.0011795916500849637
HDFCBANK,credit_ratings,session_close,4,descriptive_only,3,0.0012385775124822333,0.000555387256387,0.0008132635665019465,-0.0003554190778615818,0.0028325741028260485
HDFCBANK,credit_ratings,d1,4,descriptive_only,3,-0.013771086865129635,0.0013079786698864,0.016723227654767837,-0.0465486130684746,0.019006439338215324
HDFCBANK,credit_ratings,d5,4,descriptive_only,3,-0.0346741390311249,-0.0322970117718081,0.020244706738029004,-0.07435376423766174,0.005005486175411945
HDFCBANK,credit_ratings,d10,4,descriptive_only,3,-0.037955377499982165,-0.0331522285944259,0.024061553134804542,-0.08511602164419907,0.009205266644234739
HDFCBANK,credit_ratings,d20,4,descriptive_only,3,-0.015648152057133904,-0.018009860146896,0.010691829060511984,-0.03660413701573739,0.005307832901469585
HDFCBANK,financial_results,5m,13,inferential,13,-0.001097272641939492,-0.0013855649326112,0.0010254136430765867,-0.003107083382369602,0.0009125380984906179
HDFCBANK,financial_results,30m,13,inferential,13,-0.00021109540853463061,-0.0015757957768672,0.0016944485981216391,-0.0035322146608530434,0.003110023843783782
HDFCBANK,financial_results,60m,13,inferential,13,0.002207418512483799,0.0015084473049074,0.0020972165345893344,-0.0019031258953112963,0.006317962920278895
HDFCBANK,financial_results,session_close,13,inferential,13,-0.0012778644836851615,-0.0013692377909629,0.003118363095448436,-0.007389856150764096,0.004834127183393773
HDFCBANK,financial_results,d1,13,inferential,13,-0.0063495116887356,-0.0035749506903354,0.0060855938403860015,-0.018277275615892163,0.005578252238420962
HDFCBANK,financial_results,d5,13,inferential,13,-0.012800843077302861,-0.0073377428689541,0.008323269767995089,-0.029114451822573235,0.003512765667967512
HDFCBANK,financial_results,d10,13,inferential,13,-0.013280314049451415,-0.0039447731755424,0.008107013314188158,-0.029170060145260204,0.002609432046357373
HDFCBANK,financial_results,d20,13,inferential,13,-0.017364070685907108,0.0004761904761905,0.011318430068419311,-0.039548193620008956,0.004820052248194741
HDFCBANK,investor_communication,5m,119,inferential,118,1.7171298425890704e-05,-0.0002453206741016,0.00028611893208201023,-0.0005436218084548493,0.0005779644053066307
HDFCBANK,investor_communication,30m,119,inferential,116,-5.877392654041893e-05,-0.0007847880925914001,0.0004282713676412387,-0.0008981858071172469,0.0007806379540364089
HDFCBANK,investor_communication,60m,119,inferential,115,-0.0005412682504931909,-0.0017299886885355,0.0005149434697221341,-0.001550557451148574,0.00046802095016219207
HDFCBANK,investor_communication,session_close,119,inferential,119,-0.0010998361192040235,-0.0009247842170161,0.0007892734012579402,-0.0026468119856695865,0.00044713974726153937
HDFCBANK,investor_communication,d1,119,inferential,119,-0.0024073740409025703,0.0002619172341538,0.0014250055905086541,-0.005200384998299532,0.00038563691649439163
HDFCBANK,investor_communication,d5,119,inferential,117,-0.003359971818344109,-0.0002452783909736,0.002747712366823977,-0.008745488057319104,0.0020255444206308854
HDFCBANK,investor_communication,d10,119,inferential,117,-0.0013852421639784112,-0.001103974307507,0.0036544796318261977,-0.008548022242357758,0.005777537914400936
HDFCBANK,investor_communication,d20,119,inferential,116,-0.0040001084266125106,0.0003016894609815,0.004934261072235917,-0.013671260128194907,0.005671043274969885
HDFCBANK,regulatory_compliance,5m,28,inferential,28,-0.0006773207816123408,-0.0003246885048622,0.0003745622121006056,-0.0014114627173295279,5.682115410484605e-05
HDFCBANK,regulatory_compliance,30m,28,inferential,28,-0.0010495209849683107,-0.0008998684298198,0.0006789553990203426,-0.0023802735670481823,0.0002812315971115608
HDFCBANK,regulatory_compliance,60m,28,inferential,24,-0.000334396755976921,-0.0009245537859862,0.0008762785572004283,-0.0020519027280897603,0.0013831092161359184
HDFCBANK,regulatory_compliance,session_close,28,inferential,28,-0.0011510124702335035,-0.0019320546581403498,0.001441418565302619,-0.003976192858226637,0.0016741679177596299
HDFCBANK,regulatory_compliance,d1,28,inferential,28,-0.0010273738945430389,-0.0006301779011136,0.0028036673312755575,-0.006522561863843132,0.0044678140747570535
HDFCBANK,regulatory_compliance,d5,28,inferential,28,-0.006860247126446706,-0.00265723348340825,0.004810653303857462,-0.016289127602007333,0.00256863334911392
HDFCBANK,regulatory_compliance,d10,28,inferential,28,-0.0038413455225095425,-0.00056418498267875,0.007294746283395998,-0.018139048237965697,0.010456357192946613
HDFCBANK,regulatory_compliance,d20,28,inferential,28,-0.008195600103239461,-0.0037434293704612,0.00932352148021788,-0.026469702204466504,0.010078501997987583
HDFCBANK,strategic_transactions,5m,9,descriptive_only,9,0.00013284971573172358,6.86059275523121e-05,0.0009979859807852122,-0.0018232028066072924,0.0020889022380707395
HDFCBANK,strategic_transactions,30m,9,descriptive_only,9,0.000287684987234911,0.0004094445202673,0.0020037740937392592,-0.003639712236494037,0.0042150822109638586
HDFCBANK,strategic_transactions,60m,9,descriptive_only,9,-0.00015992605497872224,0.0013216388321519,0.0016803991682131805,-0.003453508424676556,0.0031336563147191113
HDFCBANK,strategic_transactions,session_close,9,descriptive_only,9,0.0023638211157551,0.0021901235855452,0.004608428344139901,-0.006668698438759106,0.011396340670269307
HDFCBANK,strategic_transactions,d1,9,descriptive_only,9,0.008748454041654212,0.0043253634506787,0.008796853873759196,-0.008493379550913812,0.025990287634222238
HDFCBANK,strategic_transactions,d5,9,descriptive_only,9,0.020694774525589456,0.0122551964435901,0.015708753926646123,-0.010094383170636944,0.051483932221815853
HDFCBANK,strategic_transactions,d10,9,descriptive_only,9,0.027035487078384032,0.022877618522602,0.013402234645335027,0.0007671071735273795,0.05330386698324069
HDFCBANK,strategic_transactions,d20,9,descriptive_only,9,0.042686834536467336,0.0469945355191256,0.016014700824399163,0.011298020920644976,0.0740756481522897
NYKAA,board_governance,5m,41,inferential,41,-0.000646857597534534,0.0004657661853748,0.0009806286307291836,-0.002568889713763734,0.0012751745186946658
NYKAA,board_governance,30m,41,inferential,37,-0.0012506280707755917,-0.0038197491353945,0.0019107483213885276,-0.004995694780697106,0.0024944386391459222
NYKAA,board_governance,60m,41,inferential,37,-0.0017925410503867457,-0.0005678005471532,0.0023082637955656065,-0.006316738089695334,0.0027316559889218424
NYKAA,board_governance,session_close,41,inferential,41,0.0014433183914072194,-0.0002645802623123,0.0023216952008052803,-0.00310720420217113,0.005993840984985569
NYKAA,board_governance,d1,41,inferential,41,-0.0011911245856841733,-0.0001773259250502,0.002821308371136544,-0.006720888993111799,0.004338639821743453
NYKAA,board_governance,d5,41,inferential,41,0.001540191287302039,0.0043196544276458,0.005235187199022486,-0.008720775622782033,0.011801158197386112
NYKAA,board_governance,d10,41,inferential,41,0.013713165860804481,-0.0009259259259258,0.009020517826254551,-0.003967049078654439,0.0313933808002634
NYKAA,board_governance,d20,41,inferential,35,0.02447861469778337,0.0224803297115023,0.013705556092373323,-0.0023842752432683446,0.05134150463883508
NYKAA,business_updates,5m,70,inferential,70,-0.002008277245663854,-0.0014267462287846,0.0011894808938284554,-0.004339659797567627,0.0003231053062399186
NYKAA,business_updates,30m,70,inferential,68,-0.0057954114154573685,-0.00211792463570475,0.0021034228924659685,-0.009918120284690666,-0.0016727025462240702
NYKAA,business_updates,60m,70,inferential,67,-0.006372603963972974,-0.0022554271215111,0.0024162904956828847,-0.011108533335511428,-0.0016366745924345201
NYKAA,business_updates,session_close,70,inferential,70,-0.008233789042635838,-0.0037694110191149,0.00317910322410198,-0.014464831361875718,-0.0020027467233959565
NYKAA,business_updates,d1,70,inferential,70,-0.00823158635780025,-0.00561144827819795,0.00432950222304484,-0.016717410714968135,0.00025423799936763643
NYKAA,business_updates,d5,70,inferential,69,0.0008194927748215746,0.0002537942236435,0.0067561717186402385,-0.012422603793713292,0.014061589343356442
NYKAA,business_updates,d10,70,inferential,69,0.009527482860726489,0.0056529112492933,0.007879632247362744,-0.005916596344104489,0.024971562065557465
NYKAA,business_updates,d20,70,inferential,68,0.026859068141285816,0.030544586924676598,0.009074186187996793,0.0090736632128121,0.044644473069759535
NYKAA,capital_structure,5m,49,inferential,49,0.00024230399406816394,-0.0003691399040235,0.0007717653316712373,-0.0012703560560074613,0.001754964044143789
NYKAA,capital_structure,30m,49,inferential,47,0.00022757392163567008,-0.0003183699458771,0.0015368200250173482,-0.002784593327398332,0.0032397411706696724
NYKAA,capital_structure,60m,49,inferential,45,0.000488581917054407,0.0009993337774816,0.0018556477800363402,-0.00314848773181682,0.004125651565925634
NYKAA,capital_structure,session_close,49,inferential,49,-0.00012051354334686218,0.0003698224852071,0.002252809651180219,-0.004536020459660091,0.0042949933729663665
NYKAA,capital_structure,d1,49,inferential,49,-0.0035107819075532003,-0.00844327176781,0.0034946507811510204,-0.0103602974386092,0.0033387336235027997
NYKAA,capital_structure,d5,49,inferential,49,0.0012588694195307373,0.0022444646648469,0.005847702044004253,-0.0102026265867176,0.012720365425779074
NYKAA,capital_structure,d10,49,inferential,48,0.011755021251708247,0.00046661743165705006,0.008766049513267047,-0.005426435794295163,0.028936478297711656
NYKAA,capital_structure,d20,49,inferential,48,0.03286468907751342,0.0306305390595187,0.011611415933769789,0.010106313847324636,0.05562306430770221
NYKAA,credit_ratings,5m,4,descriptive_only,4,0.001839462301282375,-0.00074219071652565,0.005750995398862957,-0.009432488680489019,0.01311141328305377
NYKAA,credit_ratings,30m,4,descriptive_only,4,-0.0035521817432967494,-0.00229068372487235,0.006198875264771468,-0.015701977262248826,0.008597613775655329
NYKAA,credit_ratings,60m,4,descriptive_only,4,-0.00022664676630957488,0.0008528785811137002,0.0030138821164890713,-0.006133855714628154,0.005680562182009005
NYKAA,credit_ratings,session_close,4,descriptive_only,4,2.358508330042454e-05,0.00138332115725335,0.004390113108442329,-0.008581036609246539,0.00862820677584739
NYKAA,credit_ratings,d1,4,descriptive_only,4,0.003963278061423027,0.007914145763586303,0.01866944968790036,-0.032628843326861674,0.04055539944970773
NYKAA,credit_ratings,d5,4,descriptive_only,4,0.03590840331289402,0.031858257938068,0.02869487167564636,-0.02033354517137284,0.09215035179716088
NYKAA,credit_ratings,d10,4,descriptive_only,4,0.035790693590836496,0.045553509280501905,0.04662001141564244,-0.05558452878382269,0.12716591596549567
NYKAA,credit_ratings,d20,4,descriptive_only,4,0.07541372165049992,0.09161586047632915,0.03134502449757984,0.013977473635243438,0.1368499696657564
NYKAA,financial_results,5m,13,inferential,13,-0.005911512468559556,-0.0075971731448762,0.003593799975439975,-0.012955360420421906,0.0011323354833027953
NYKAA,financial_results,30m,13,inferential,13,-0.01575115205263844,-0.0194426441996111,0.006386273091924861,-0.02826824731281117,-0.003234056792465712
NYKAA,financial_results,60m,13,inferential,13,-0.01823192800291584,-0.0184231915470062,0.007100658243333223,-0.032149218159848954,-0.004314637845982723
NYKAA,financial_results,session_close,13,inferential,13,-0.020480479744149818,-0.0229681978798587,0.009713569266427169,-0.03951907550634707,-0.0014418839819525658
NYKAA,financial_results,d1,13,inferential,13,-0.024989462871053907,-0.0119896797693124,0.01218400461592079,-0.04887011191825866,-0.0011088138238491592
NYKAA,financial_results,d5,13,inferential,13,-0.016358301266171167,-0.0189486552567237,0.01748232617291794,-0.05062366056509033,0.017907058032747995
NYKAA,financial_results,d10,13,inferential,13,-0.01705050160323238,-0.0490922294843862,0.021687184645521544,-0.0595573835084546,0.025456380301989847
NYKAA,financial_results,d20,13,inferential,12,0.006032570222710848,-0.0181809096690752,0.022512784706252904,-0.03809248780154484,0.05015762824696654
NYKAA,investor_communication,5m,103,inferential,103,-0.0020060358313398847,-0.0008466748768471,0.0008456288699109526,-0.0036634684163653515,-0.0003486032463144177
NYKAA,investor_communication,30m,103,inferential,101,-0.004173863624119323,-0.0016371483851763,0.0016342297695883614,-0.007376953972512512,-0.0009707732757261345
NYKAA,investor_communication,60m,103,inferential,97,-0.005315678552740984,-0.0016561775422325,0.0019137505044070156,-0.009066629541378735,-0.0015647275641032334
NYKAA,investor_communication,session_close,103,inferential,103,-0.006874255383468863,-0.0038731997142106,0.002330579083106927,-0.01144219038635844,-0.0023063203805792857
NYKAA,investor_communication,d1,103,inferential,103,-0.0042974884347978465,-0.0012979521199885,0.003418497308600128,-0.010997743159654096,0.002402766290058404
NYKAA,investor_communication,d5,103,inferential,103,0.0038050897993805208,0.0015128593040847,0.005168458584585663,-0.006325089026407377,0.01393526862516842
NYKAA,investor_communication,d10,103,inferential,100,0.011950820185377535,-0.0025958795664313998,0.0068213305682581545,-0.0014189877284084464,0.025320628099163515
NYKAA,investor_communication,d20,103,inferential,95,0.032100291394006,0.0329332466150298,0.008502211108017096,0.015435957622292489,0.048764625165719507
NYKAA,regulatory_compliance,5m,32,inferential,32,0.0009232443514902167,0.00023662131841880002,0.0013680769876553717,-0.0017581865443143116,0.0036046752472947453
NYKAA,regulatory_compliance,30m,32,inferential,29,0.0032959739880610447,0.0005376344086021,0.0020222667867549958,-0.000667668913978747,0.007259616890100837
NYKAA,regulatory_compliance,60m,32,inferential,29,0.0033509638731402517,0.0006194310763805,0.0021441783945492813,-0.0008516257801763397,0.007553553526456843
NYKAA,regulatory_compliance,session_close,32,inferential,32,0.00387727746455101,0.0062247825595842,0.002916751744108403,-0.00183955595390146,0.009594110883003479
NYKAA,regulatory_compliance,d1,32,inferential,32,0.0032373943681980313,0.0055173017815832,0.004294208159383442,-0.005179253624193515,0.011654042360589579
NYKAA,regulatory_compliance,d5,32,inferential,32,-0.0023600236059260955,-0.0159705833879542,0.007322654925317456,-0.01671242725954831,0.011992380047696118
NYKAA,regulatory_compliance,d10,32,inferential,32,0.017494765069564246,0.00713429170739875,0.012466500486331333,-0.006939575883645167,0.04192910602277366
NYKAA,regulatory_compliance,d20,32,inferential,30,0.0439702078664779,0.050451088408938555,0.016519558577953057,0.01159187305368991,0.07634854267926589
NYKAA,strategic_transactions,5m,8,descriptive_only,8,-0.0071799537502567,-0.00651723206456125,0.004039772929429308,-0.015097908691938144,0.0007380011914247444
NYKAA,strategic_transactions,30m,8,descriptive_only,8,-0.013422222033321614,-0.00707181777731525,0.006395593098471424,-0.025957584506325605,-0.0008868595603176224
NYKAA,strategic_transactions,60m,8,descriptive_only,8,-0.013860783656107612,-0.01176165580000065,0.005710991370294304,-0.025054326741884448,-0.002667240570330777
NYKAA,strategic_transactions,session_close,8,descriptive_only,8,-0.009862060678852562,0.00013525965168815,0.008735206259524933,-0.02698306494752143,0.007258943589816309
NYKAA,strategic_transactions,d1,8,descriptive_only,8,-0.015321627929536449,-0.00249808848602975,0.01197314107868578,-0.038788984443760575,0.008145728584687678
NYKAA,strategic_transactions,d5,8,descriptive_only,8,-0.0018142056630482736,-0.0149048707299435,0.024936376979907738,-0.05068950454366744,0.04706109321757089
NYKAA,strategic_transactions,d10,8,descriptive_only,8,0.0099034907330601,-0.01581737374014015,0.02762157014060098,-0.04423478674251782,0.06404176820863802
NYKAA,strategic_transactions,d20,8,descriptive_only,7,-0.0013114148108855442,-0.0558114332159307,0.037247334032722484,-0.07431618951502161,0.07169335989325051
RELIANCE,board_governance,5m,72,inferential,72,0.00023937797788151695,0.0003288932741323,0.0003888307781413885,-0.0005227303472756044,0.0010014863030386385
RELIANCE,board_governance,30m,72,inferential,71,0.0008461582498707139,0.0007971014492753,0.0007531238943556879,-0.0006299645830664342,0.002322281082807862
RELIANCE,board_governance,60m,72,inferential,70,0.0009822962426289039,0.0001644466370662,0.0008653464240861409,-0.0007137827485799322,0.00267837523383774
RELIANCE,board_governance,session_close,72,inferential,72,-0.00032770372676222466,0.00029197344332814997,0.001460346588831135,-0.003189983040871249,0.0025345755873468
RELIANCE,board_governance,d1,72,inferential,72,-0.0015767747012886304,-0.0043432599276216,0.002024181984272121,-0.005544171390461988,0.0023906219878847266
RELIANCE,board_governance,d5,72,inferential,72,-0.0015599350803068468,-0.00474732240230465,0.0039668852808857095,-0.009335030230842837,0.0062151600702291445
RELIANCE,board_governance,d10,72,inferential,72,0.004960912476635222,0.0001352447930755,0.004483944215244577,-0.003827618185244148,0.013749443138514592
RELIANCE,board_governance,d20,72,inferential,70,-0.006972081219587114,-0.0097843683257779,0.0053106382920703075,-0.017380932272044916,0.0034367698328706883
RELIANCE,business_updates,5m,202,inferential,202,0.00023830739083575657,0.00037060097758120003,0.00021599377749941591,-0.0001850404130630986,0.0006616551947346117
RELIANCE,business_updates,30m,202,inferential,197,-0.00026249455288960443,-6.712310377221531e-05,0.0004163618520051455,-0.0010785637828196895,0.0005535746770404808
RELIANCE,business_updates,60m,202,inferential,196,-0.00024910390750808894,-5.336837406438866e-05,0.0004864477033566534,-0.0012025414060871295,0.0007043335910709516
RELIANCE,business_updates,session_close,202,inferential,202,-0.0020779748794005335,-0.00095353123460605,0.000720590650132708,-0.0034903325536606413,-0.000665617205140426
RELIANCE,business_updates,d1,202,inferential,200,-0.0029465725521042293,-0.0025666151716249,0.00120791030518018,-0.0053140767502573814,-0.0005790683539510766
RELIANCE,business_updates,d5,202,inferential,198,-0.0007923616098556436,9.900691847573558e-05,0.0021281289521844476,-0.00496349435613716,0.0033787711364258732
RELIANCE,business_updates,d10,202,inferential,197,-0.0013635969642451556,-0.0017097524278484,0.002676724120780728,-0.006609976240975383,0.0038827823124850712
RELIANCE,business_updates,d20,202,inferential,196,-0.0029628537683007643,-0.0041980875378992,0.003721734664316641,-0.01025745371036138,0.004331746173759853
RELIANCE,capital_structure,5m,98,inferential,98,0.0002906223874429771,0.0003710332440233,0.00023634909787797283,-0.00017262184439784963,0.0007538666192838039
RELIANCE,capital_structure,30m,98,inferential,98,0.0007752903800902601,0.00088290598536265,0.0004652435859457382,-0.00013658704836338673,0.001687167808543907
RELIANCE,capital_structure,60m,98,inferential,98,0.0008292157987421967,0.0009545095960471,0.0005311135776105753,-0.00021176681337453076,0.0018701984108589241
RELIANCE,capital_structure,session_close,98,inferential,98,-0.0005128711540189592,-0.00070617884876385,0.0011134593913941268,-0.002695251561151448,0.0016695092531135293
RELIANCE,capital_structure,d1,98,inferential,98,-0.0002037566980464472,-0.000654543988167,0.0016005889353717852,-0.0033409110113751463,0.0029333976152822517
RELIANCE,capital_structure,d5,98,inferential,98,-0.0019975758118378865,-0.0008161749508828,0.0029349787945892078,-0.007750134249232734,0.003754982625556961
RELIANCE,capital_structure,d10,98,inferential,98,0.0028459660402920302,0.0055955591100943,0.003959018919796277,-0.004913711042508673,0.010605643123092734
RELIANCE,capital_structure,d20,98,inferential,98,0.002644979981372044,-0.00585980208944865,0.005804071304223555,-0.008730999774906125,0.014020959737650211
RELIANCE,corporate_actions,5m,4,descriptive_only,4,-0.0029795125780748503,-0.0033793558170053,0.0023047282643615208,-0.0074967799762234305,0.00153775482007373
RELIANCE,corporate_actions,30m,4,descriptive_only,4,-0.00499747709473805,-0.00619306970222005,0.0037421593513876816,-0.012332109423457905,0.0023371552339818058
RELIANCE,corporate_actions,60m,4,descriptive_only,4,-0.0018716804440457248,-0.00184770755013945,0.004631640456205432,-0.010949695738208372,0.007206334850116923
RELIANCE,corporate_actions,session_close,4,descriptive_only,4,-0.011724974778193776,-0.00879880922434835,0.008027002581739643,-0.027457899838403476,0.004007950282015924
RELIANCE,corporate_actions,d1,4,descriptive_only,4,-0.007575552064903199,-0.005678793877506749,0.010484311482657386,-0.028124802570911676,0.012973698441105276
RELIANCE,corporate_actions,d5,4,descriptive_only,4,-0.024912152794559675,-0.0175177747530655,0.010624461602299419,-0.045736097535066536,-0.004088208054052814
RELIANCE,corporate_actions,d10,4,descriptive_only,4,-0.01587356728009155,-0.014228530948304351,0.014919924034273575,-0.04511661838726776,0.013369483827084656
RELIANCE,corporate_actions,d20,4,descriptive_only,4,-0.02665118400880005,-0.0313971823649278,0.021928335237165864,-0.06963072107364514,0.016328353056045044
RELIANCE,credit_ratings,5m,15,inferential,15,-1.4104667862778562e-05,0.0002890382253051,0.0005727817149908243,-0.0011367568292447942,0.001108547493519237
RELIANCE,credit_ratings,30m,15,inferential,15,0.00023036979108109718,-8.169934640511745e-05,0.0004924510640378795,-0.0007348342944331467,0.001195573876595341
RELIANCE,credit_ratings,60m,15,inferential,15,0.0006241206701169933,0.000230096640589,0.0007633330919813587,-0.0008720121901664697,0.002120253530400456
RELIANCE,credit_ratings,session_close,15,inferential,15,0.0020440846814231135,0.0002318571759796,0.0020037698263605775,-0.001883304178243618,0.0059714735410898445
RELIANCE,credit_ratings,d1,15,inferential,15,-0.0004774505833223859,0.0009203865623561,0.0029807791016712103,-0.006319777622597958,0.005364876455953186
RELIANCE,credit_ratings,d5,15,inferential,15,0.0017625504549550197,0.0002013693113169,0.006268653778483605,-0.010524010950872846,0.014049111860782885
RELIANCE,credit_ratings,d10,15,inferential,15,-0.0010168801914550672,0.0122266230411571,0.011806115605467082,-0.024156866778170548,0.02212310639526041
RELIANCE,credit_ratings,d20,15,inferential,15,0.004151975663748715,0.0181371486379073,0.017056506626800787,-0.02927877732478083,0.03758272865227826
RELIANCE,financial_results,5m,12,inferential,12,0.0015682271310277225,0.0027962692258657997,0.0013882864729965298,-0.0011528143560454761,0.004289268618100921
RELIANCE,financial_results,30m,12,inferential,12,-0.00036071714260235,-0.0006918021445866,0.001394306712292477,-0.003093558298695605,0.0023721240134909048
RELIANCE,financial_results,60m,12,inferential,12,0.0009125688048862837,0.00043421532095365,0.002435510218225125,-0.003861031222834961,0.005686168832607528
RELIANCE,financial_results,session_close,12,inferential,12,-0.0001805736589996416,-0.00920017570933975,0.005020823178231972,-0.010021387088334307,0.009660239770335024
RELIANCE,financial_results,d1,12,inferential,12,-0.0033494757226218814,-0.012507833982105698,0.008431861145254772,-0.019875923567321232,0.01317697212207747
RELIANCE,financial_results,d5,12,inferential,12,0.005219220289942125,-0.00404497534773725,0.013441081940880445,-0.021125300314183547,0.0315637408940678
RELIANCE,financial_results,d10,12,inferential,12,-0.002597546090031992,-0.01547237209987965,0.010291627651995526,-0.022769136287943224,0.01757404410787924
RELIANCE,financial_results,d20,12,inferential,12,0.005510751632261848,-0.0047839757706069,0.013708530068863996,-0.021357967302711584,0.03237947056723528
RELIANCE,investor_communication,5m,80,inferential,80,0.0006330918016547837,0.00047469851582119995,0.0003629639047721521,-7.831745169863439e-05,0.0013445010550082017
RELIANCE,investor_communication,30m,80,inferential,80,-2.4664112862801312e-05,-0.0001105950011059,0.0004959370811193675,-0.0009967007918567617,0.000947372566131159
RELIANCE,investor_communication,60m,80,inferential,80,4.711358511153459e-05,-0.00014208737307985,0.0007061421576475574,-0.0013369250438776778,0.001431152214100747
RELIANCE,investor_communication,session_close,80,inferential,80,-0.00020978823575834243,-0.001171860355235,0.0013984313263199976,-0.0029507136353455377,0.002531137163828853
RELIANCE,investor_communication,d1,80,inferential,80,-0.0015335903961913695,-0.00166205705539855,0.0022367708774183597,-0.005917661315931354,0.0028504805235486158
RELIANCE,investor_communication,d5,80,inferential,79,0.0008544951014259008,-0.002818256805059,0.004059901330899426,-0.007102911507136975,0.008811901709988777
RELIANCE,investor_communication,d10,80,inferential,78,0.0021139642541231863,0.011791456374601252,0.004021754466490815,-0.005768674500198812,0.009996603008445185
RELIANCE,investor_communication,d20,80,inferential,78,0.005967706607905074,0.0034349672658595,0.005536196424860532,-0.004883238384821569,0.01681865160063172
RELIANCE,regulatory_compliance,5m,20,inferential,20,-0.0002794711842796862,1.7084671632638937e-05,0.0007782936685591166,-0.0018049267746555546,0.0012459844060961822
RELIANCE,regulatory_compliance,30m,20,inferential,19,-0.0014479448601255904,-0.0012031884493908,0.0012558643395032675,-0.003909438965551995,0.001013549245300814
RELIANCE,regulatory_compliance,60m,20,inferential,17,-0.0028768975394357116,-0.0023183365934942,0.001388198538162646,-0.005597766674234498,-0.00015602840463692542
RELIANCE,regulatory_compliance,session_close,20,inferential,20,-0.005691675597949724,-0.0031265001481687997,0.0029732480680300785,-0.011519241811288678,0.00013589061538922965
RELIANCE,regulatory_compliance,d1,20,inferential,20,-0.01027849599556916,-0.009382333006255749,0.0026987043812520257,-0.015567956582823131,-0.00498903540831519
RELIANCE,regulatory_compliance,d5,20,inferential,19,-0.011497872049246523,-0.0053611533724551,0.006796837389560935,-0.024819673332785955,0.00182392923429291
RELIANCE,regulatory_compliance,d10,20,inferential,19,-0.0032842329654412536,0.0076822378393275,0.007597586348799612,-0.018175502209088493,0.011607036278205987
RELIANCE,regulatory_compliance,d20,20,inferential,19,0.0031636818357662216,0.0034532275711158,0.010357087034199524,-0.017136208751264845,0.02346357242279729
RELIANCE,strategic_transactions,5m,43,inferential,43,0.00033974176374120245,0.000546336133306,0.00040189471425622857,-0.0004479718762010055,0.0011274554036834103
RELIANCE,strategic_transactions,30m,43,inferential,43,0.00045592217181813724,0.0011512684511327,0.0009187287993193384,-0.001344786274847766,0.0022566306184840404
RELIANCE,strategic_transactions,60m,43,inferential,42,0.0006092632226892322,0.00139199590500235,0.0011670166088689358,-0.0016780893306938822,0.0028966157760723465
RELIANCE,strategic_transactions,session_close,43,inferential,43,0.000196293244527284,-0.0008352474420547,0.0017053003900484188,-0.003146095519967617,0.003538682009022185
RELIANCE,strategic_transactions,d1,43,inferential,43,0.00023170919588035247,-3.87461738152739e-05,0.0027771023357496295,-0.005211411382188921,0.005674829773949627
RELIANCE,strategic_transactions,d5,43,inferential,43,0.0003614857170214392,0.0001644669215903,0.004818123391079132,-0.00908203612949366,0.009805007563536538
RELIANCE,strategic_transactions,d10,43,inferential,43,0.000982334677211392,-0.0032457375254183,0.007809591484770994,-0.014324464632939755,0.01628913398736254
RELIANCE,strategic_transactions,d20,43,inferential,43,0.011376715248723905,0.0095836728359135,0.00984159847140199,-0.007912817755223997,0.030666248252671807
RVNL,board_governance,5m,82,inferential,82,-0.0008094085825338642,0.00014148834398806196,0.0008254713887482496,-0.002427332504480433,0.0008085153394127049
RVNL,board_governance,30m,82,inferential,81,0.0004471358328715842,-0.0007517854905401,0.0014570623196060138,-0.0024087063135562027,0.003302977979299371
RVNL,board_governance,60m,82,inferential,80,5.553479379174706e-06,-0.0005379182048954,0.0021803419133097834,-0.0042679166707080005,0.0042790236294663496
RVNL,board_governance,session_close,82,inferential,82,0.0007961120036368684,-0.0043549682066114,0.003168249688921314,-0.005413657386648906,0.007005881393922643
RVNL,board_governance,d1,82,inferential,82,0.003905277577899432,-0.0060713210503851,0.005226705744847016,-0.006339065682000719,0.014149620837799583
RVNL,board_governance,d5,82,inferential,81,-0.00833498481916789,-0.0165184243964421,0.008454315629460047,-0.02490544345290958,0.008235473814573801
RVNL,board_governance,d10,82,inferential,81,-0.011876347676851445,-0.0325371207230471,0.01129004090247781,-0.03400482784570795,0.010252132492005062
RVNL,board_governance,d20,82,inferential,77,-0.013333060010834055,-0.0417190248806231,0.015512284349702626,-0.0437371373362512,0.01707101731458309
RVNL,business_updates,5m,172,inferential,168,0.0012018964862199003,0.0001420538109454,0.0008975986114941323,-0.0005573967923085991,0.0029611897647483995
RVNL,business_updates,30m,172,inferential,161,-0.00022839351475518026,-0.001762114537445,0.0014534392255949463,-0.003077134396921275,0.0026203473674109145
RVNL,business_updates,60m,172,inferential,159,-0.0010529822861157034,-0.0022900763358779,0.0018078289900931024,-0.004596327106698184,0.0024903625344667776
RVNL,business_updates,session_close,172,inferential,172,-0.0016706616196545722,-0.0024402490188116504,0.002211931809952298,-0.006006047967161076,0.0026647247278519318
RVNL,business_updates,d1,172,inferential,172,0.0008123741710882286,-0.0017733287374643498,0.0031629361809254702,-0.005386980743525693,0.007011729085702151
RVNL,business_updates,d5,172,inferential,172,0.008559103213580445,-0.00346749837503585,0.006926121000265508,-0.005016093946939949,0.02213430037410084
RVNL,business_updates,d10,172,inferential,172,0.011659036883001484,-0.01272640867071825,0.008692284610547262,-0.005377840953671149,0.028695914719674115
RVNL,business_updates,d20,172,inferential,169,0.032248165719905596,-0.0072835176692742,0.011640429990859295,0.00943292293782138,0.05506340850198981
RVNL,capital_structure,5m,12,inferential,12,-0.0017726456633657501,-0.0007511737089201,0.0008477685070620669,-0.003434271937207401,-0.00011101938952409914
RVNL,capital_structure,30m,12,inferential,12,-0.0021953649827376335,-0.0005271722768732,0.0018498310053336852,-0.005821033753191656,0.0014303037877163895
RVNL,capital_structure,60m,12,inferential,12,-0.004705130374360283,-0.0035118867794571,0.002035000932041046,-0.008693732201160733,-0.0007165285475598335
RVNL,capital_structure,session_close,12,inferential,12,-0.006422731461221627,-0.005889552101218901,0.003553098605720344,-0.0133868047284335,0.0005413418059902466
RVNL,capital_structure,d1,12,inferential,12,-0.003106647924698884,-0.0050125525091316,0.013052981993155927,-0.028690492631284502,0.022477196781886734
RVNL,capital_structure,d5,12,inferential,12,0.0002486528749734585,0.00252626319304925,0.008012198836470207,-0.015455256844508146,0.015952562594455065
RVNL,capital_structure,d10,12,inferential,12,0.032984656073713044,-0.01678451661561245,0.04748912430542762,-0.060094027564925094,0.12606333971235117
RVNL,capital_structure,d20,12,inferential,12,0.05702821655717218,-0.04235329677305895,0.06953779478362543,-0.07926586121873364,0.19332229433307802
RVNL,corporate_actions,5m,11,inferential,11,-0.0007634447709727182,-0.000388198757764,0.0023856670315341344,-0.005439352152779622,0.0039124626108341855
RVNL,corporate_actions,30m,11,inferential,11,-0.001589520526555045,0.000318775900542,0.002556857589418334,-0.0066009614018149795,0.00342192034870489
RVNL,corporate_actions,60m,11,inferential,11,-0.004152365969924155,-0.0052598023589416,0.0026983973210495636,-0.0094412247191813,0.0011364927793329899
RVNL,corporate_actions,session_close,11,inferential,11,-0.006917802549683518,-0.0060077242168502,0.0017712748406028369,-0.010389501237265078,-0.003446103862101958
RVNL,corporate_actions,d1,11,inferential,11,0.021516539701624135,0.0108383806184253,0.01498095023585596,-0.007846122760653544,0.050879202163901814
RVNL,corporate_actions,d5,11,inferential,11,0.05922695504922839,0.0177777777777776,0.03628867176404965,-0.011898841608308931,0.13035275170676572
RVNL,corporate_actions,d10,11,inferential,11,0.0938862354716977,0.0222222222222221,0.05475817406761344,-0.013439785700824658,0.20121225664422004
RVNL,corporate_actions,d20,11,inferential,10,0.05928691244986024,-0.06174256040698535,0.06510415802425182,-0.06831723727767332,0.18689106217739382
RVNL,credit_ratings,5m,4,descriptive_only,4,0.0001797546953711249,0.00420603345553045,0.004781091782382021,-0.009191185198097637,0.009550694588839885
RVNL,credit_ratings,30m,4,descriptive_only,4,0.0113180909404544,0.008794261190071751,0.012570854337886149,-0.013320783561802453,0.03595696544271125
RVNL,credit_ratings,60m,4,descriptive_only,4,0.013673066871375775,0.011587134325402749,0.018060223163025628,-0.021724970528154454,0.049071104270906
RVNL,credit_ratings,session_close,4,descriptive_only,4,0.012707651508831274,0.01740006641619505,0.01665402253792028,-0.01993423266549247,0.04534953568315502
RVNL,credit_ratings,d1,4,descriptive_only,4,-9.111001455950002e-05,0.0061799618432447,0.01981014287260598,-0.038918990044867215,0.03873677001574822
RVNL,credit_ratings,d5,4,descriptive_only,4,-0.008914570058157,-0.0128398132532867,0.025188205161401432,-0.0582834521745038,0.040454312058189806
RVNL,credit_ratings,d10,4,descriptive_only,4,-0.021615864740370028,-0.028250975080904,0.044054934544792465,-0.10796353644816326,0.0647318069674232
RVNL,credit_ratings,d20,4,descriptive_only,4,0.04204198163747755,0.0363034829434095,0.04707914083229828,-0.05023313439382707,0.13431709766878216
RVNL,financial_results,5m,24,inferential,23,0.0008512232115641695,-0.001109139307897,0.003208072893277372,-0.005436599659259479,0.007139046082387818
RVNL,financial_results,30m,24,inferential,21,0.0025961996834675005,0.000318775900542,0.005028567789032143,-0.0072597931830355004,0.0124521925499705
RVNL,financial_results,60m,24,inferential,19,-0.002387223773507605,-0.0007303712720633,0.0033238560822134848,-0.008901981694646035,0.004127534147630825
RVNL,financial_results,session_close,24,inferential,24,-0.008175840141372322,-0.010446343779677,0.0028656710992630316,-0.013792555495927863,-0.0025591247868167804
RVNL,financial_results,d1,24,inferential,24,-0.01731878112294456,-0.0184965966262208,0.01147193811842708,-0.039803779835061635,0.005166217589172517
RVNL,financial_results,d5,24,inferential,24,0.01902785056273486,0.01681713279463275,0.017916238125293495,-0.016087976162840387,0.05414367728831011
RVNL,financial_results,d10,24,inferential,22,0.016568032714627853,-0.00599404192376635,0.024865350657232842,-0.032168054573548516,0.06530412000280422
RVNL,financial_results,d20,24,inferential,22,0.01807767623424611,0.0181898846495118,0.02517395627144853,-0.03126327805779301,0.06741863052628523
RVNL,investor_communication,5m,51,inferential,51,0.0008277536039826705,0.0001375894331314,0.0014187220449010524,-0.0019529416040233922,0.003608448811988733
RVNL,investor_communication,30m,51,inferential,49,0.0015293837554714083,-0.0008034279592928,0.002789262107693761,-0.003937569975608363,0.00699633748655118
RVNL,investor_communication,60m,51,inferential,47,-4.7412234363912215e-05,-0.0029459025174075,0.0037621729782696648,-0.0074212712717724545,0.00732644680304463
RVNL,investor_communication,session_close,51,inferential,51,9.903422212813511e-05,-0.0026714158504006,0.004820770079541176,-0.00934967513377257,0.00954774357802884
RVNL,investor_communication,d1,51,inferential,51,0.008468580119541415,-0.0045190445448677,0.006123381715737197,-0.0035332480433034903,0.020470408282386318
RVNL,investor_communication,d5,51,inferential,49,0.038272512815301946,0.0117987631036449,0.017667952548490195,0.0036433258202611674,0.07290169981034272
RVNL,investor_communication,d10,51,inferential,48,0.05884110664602952,0.027062844226209998,0.022362525112051387,0.015010557426408805,0.10267165586565023
RVNL,investor_communication,d20,51,inferential,46,0.061455529475476,0.00349997181072275,0.025635249750229322,0.011210439965026534,0.11170061898592547
RVNL,regulatory_compliance,5m,28,inferential,28,-0.004586269800055993,-0.00099743079499665,0.001897473286840306,-0.008305317442262993,-0.0008672221578489934
RVNL,regulatory_compliance,30m,28,inferential,28,-0.001923038160880807,-0.00186402322709865,0.002590574004685197,-0.007000563210063793,0.003154486888302179
RVNL,regulatory_compliance,60m,28,inferential,26,0.001549690995860616,-0.0007651433199932,0.0045125325773710786,-0.007294872855786698,0.010394254847507929
RVNL,regulatory_compliance,session_close,28,inferential,28,0.0037742399112732027,-0.0022870245313748,0.004676850996477593,-0.005392388041822878,0.012940867864369284
RVNL,regulatory_compliance,d1,28,inferential,28,-0.0014797480751050714,-0.0099839242142665,0.0072641677322283875,-0.015717516830272713,0.012758020680062569
RVNL,regulatory_compliance,d5,28,inferential,28,0.029078647383447797,-0.012153182985179051,0.026996063639660856,-0.02383363735028748,0.08199093211718307
RVNL,regulatory_compliance,d10,28,inferential,28,0.006723360467511155,-0.0224613593626408,0.021117715984707533,-0.034667362862515615,0.04811408379753792
RVNL,regulatory_compliance,d20,28,inferential,26,0.0035326899470209585,-0.03562180073232185,0.02177196357563877,-0.03914035866123103,0.04620573855527295
RVNL,strategic_transactions,5m,55,inferential,55,-0.00026383825480871863,-0.0007748334108166,0.0015628785799349113,-0.0033270802714811445,0.0027994037618637073
RVNL,strategic_transactions,30m,55,inferential,54,0.0025227956926800596,-0.0007811283226786499,0.0022492071833723542,-0.001885650386729755,0.006931241772089874
RVNL,strategic_transactions,60m,55,inferential,53,0.004100078025735087,-0.0003661662394728,0.002679704307955921,-0.0011521424178585178,0.009352298469328692
RVNL,strategic_transactions,session_close,55,inferential,55,0.003745007213828213,-0.0032592592592592,0.005132184107085068,-0.006314073636058521,0.013804088063714946
RVNL,strategic_transactions,d1,55,inferential,55,0.004680862840336097,-0.0046286979271482,0.008167105298312192,-0.011326663544355797,0.02068838922502799
RVNL,strategic_transactions,d5,55,inferential,55,0.021826688097062393,0.0076862745098038,0.014984639260785375,-0.007543204854076942,0.051196581048201725
RVNL,strategic_transactions,d10,55,inferential,55,0.04227830972615309,0.0159513527804704,0.020007150634584882,0.003064294482366718,0.08149232496993947
RVNL,strategic_transactions,d20,55,inferential,54,0.06669711512899001,0.0357852882703777,0.027328027920733876,0.013134180404351617,0.12026004985362841
