rank_family,rank,subject_group,horizon,metric,value,signed_mean,n,analysis_status
largest_abs_mean_return_5m,1,regulatory_compliance,5m,abs_mean_return,0.0010612057501612298,-0.0010612057501612298,128,inferential
largest_abs_mean_return_5m,2,corporate_actions,5m,abs_mean_return,0.0004984299609844123,0.0004984299609844123,32,inferential
largest_abs_mean_return_5m,3,strategic_transactions,5m,abs_mean_return,0.0003573543438083572,-0.0003573543438083572,129,inferential
largest_abs_mean_return_5m,4,investor_communication,5m,abs_mean_return,0.00027352886433699096,-0.00027352886433699096,369,inferential
largest_abs_mean_return_5m,5,board_governance,5m,abs_mean_return,0.00022333904268463615,-0.00022333904268463615,350,inferential
largest_abs_mean_return_5m,6,financial_results,5m,abs_mean_return,0.00012127792277380469,0.00012127792277380469,74,inferential
largest_abs_mean_return_5m,7,business_updates,5m,abs_mean_return,9.196201641699268e-05,9.196201641699268e-05,683,inferential
largest_abs_mean_return_5m,8,capital_structure,5m,abs_mean_return,5.691354111393261e-05,-5.691354111393261e-05,297,inferential
largest_abs_mean_return_5m,9,credit_ratings,5m,abs_mean_return,1.4372704918260681e-05,1.4372704918260681e-05,30,inferential
largest_abs_mean_return_30m,1,credit_ratings,30m,abs_mean_return,0.0011432170327398729,0.0011432170327398729,30,inferential
largest_abs_mean_return_30m,2,corporate_actions,30m,abs_mean_return,0.0010975318757595752,-0.0010975318757595752,32,inferential
largest_abs_mean_return_30m,3,investor_communication,30m,abs_mean_return,0.0009974783133568006,-0.0009974783133568006,363,inferential
largest_abs_mean_return_30m,4,business_updates,30m,abs_mean_return,0.0008130841658284717,-0.0008130841658284717,666,inferential
largest_abs_mean_return_30m,5,financial_results,30m,abs_mean_return,0.00046523659063729027,-0.00046523659063729027,72,inferential
largest_abs_mean_return_30m,6,strategic_transactions,30m,abs_mean_return,0.0003568882782825631,0.0003568882782825631,127,inferential
largest_abs_mean_return_30m,7,capital_structure,30m,abs_mean_return,0.00025347495591891776,0.00025347495591891776,288,inferential
largest_abs_mean_return_30m,8,regulatory_compliance,30m,abs_mean_return,0.00016454293507128882,-0.00016454293507128882,123,inferential
largest_abs_mean_return_30m,9,board_governance,30m,abs_mean_return,3.916269529162098e-05,-3.916269529162098e-05,344,inferential
largest_abs_mean_return_60m,1,credit_ratings,60m,abs_mean_return,0.002547754799264573,0.002547754799264573,30,inferential
largest_abs_mean_return_60m,2,financial_results,60m,abs_mean_return,0.002175351797192773,-0.002175351797192773,70,inferential
largest_abs_mean_return_60m,3,investor_communication,60m,abs_mean_return,0.0014487424723719675,-0.0014487424723719675,356,inferential
largest_abs_mean_return_60m,4,corporate_actions,60m,abs_mean_return,0.001140324502029947,-0.001140324502029947,32,inferential
largest_abs_mean_return_60m,5,strategic_transactions,60m,abs_mean_return,0.001073666077543571,0.001073666077543571,125,inferential
largest_abs_mean_return_60m,6,business_updates,60m,abs_mean_return,0.0008645801769710718,-0.0008645801769710718,655,inferential
largest_abs_mean_return_60m,7,regulatory_compliance,60m,abs_mean_return,0.0007127203974151011,0.0007127203974151011,115,inferential
largest_abs_mean_return_60m,8,board_governance,60m,abs_mean_return,0.00023162496190636054,-0.00023162496190636054,337,inferential
largest_abs_mean_return_60m,9,capital_structure,60m,abs_mean_return,0.00011356277632969108,0.00011356277632969108,277,inferential
largest_abs_mean_return_session_close,1,financial_results,session_close,abs_mean_return,0.004988947756086459,-0.004988947756086459,75,inferential
largest_abs_mean_return_session_close,2,credit_ratings,session_close,abs_mean_return,0.003920000907554522,0.003920000907554522,31,inferential
largest_abs_mean_return_session_close,3,corporate_actions,session_close,abs_mean_return,0.002897300227672719,-0.002897300227672719,32,inferential
largest_abs_mean_return_session_close,4,investor_communication,session_close,abs_mean_return,0.0021097978638794737,-0.0021097978638794737,370,inferential
largest_abs_mean_return_session_close,5,business_updates,session_close,abs_mean_return,0.0017524048603627348,-0.0017524048603627348,687,inferential
largest_abs_mean_return_session_close,6,strategic_transactions,session_close,abs_mean_return,0.0010852006447525909,0.0010852006447525909,129,inferential
largest_abs_mean_return_session_close,7,capital_structure,session_close,abs_mean_return,0.000955323971309851,-0.000955323971309851,300,inferential
largest_abs_mean_return_session_close,8,regulatory_compliance,session_close,abs_mean_return,0.000299913636081608,0.000299913636081608,128,inferential
largest_abs_mean_return_session_close,9,board_governance,session_close,abs_mean_return,0.00018928237428519624,0.00018928237428519624,352,inferential
largest_abs_mean_return_d1,1,financial_results,d1,abs_mean_return,0.009380331947746389,-0.009380331947746389,75,inferential
largest_abs_mean_return_d1,2,corporate_actions,d1,abs_mean_return,0.007235370218042473,0.007235370218042473,32,inferential
largest_abs_mean_return_d1,3,regulatory_compliance,d1,abs_mean_return,0.0024940234322109894,-0.0024940234322109894,128,inferential
largest_abs_mean_return_d1,4,business_updates,d1,abs_mean_return,0.001400117393337579,-0.001400117393337579,685,inferential
largest_abs_mean_return_d1,5,strategic_transactions,d1,abs_mean_return,0.0013785549809955196,0.0013785549809955196,129,inferential
largest_abs_mean_return_d1,6,capital_structure,d1,abs_mean_return,0.0005910138093551184,-0.0005910138093551184,300,inferential
largest_abs_mean_return_d1,7,investor_communication,d1,abs_mean_return,0.0004924417953141208,-0.0004924417953141208,370,inferential
largest_abs_mean_return_d1,8,credit_ratings,d1,abs_mean_return,0.0003000569363398555,0.0003000569363398555,31,inferential
largest_abs_mean_return_d1,9,board_governance,d1,abs_mean_return,5.8836469327765816e-05,5.8836469327765816e-05,352,inferential
largest_abs_mean_return_d5,1,corporate_actions,d5,abs_mean_return,0.017569053043487326,0.017569053043487326,32,inferential
largest_abs_mean_return_d5,2,strategic_transactions,d5,abs_mean_return,0.009726524719895165,0.009726524719895165,129,inferential
largest_abs_mean_return_d5,3,investor_communication,d5,abs_mean_return,0.00659722226359209,0.00659722226359209,365,inferential
largest_abs_mean_return_d5,4,financial_results,d5,abs_mean_return,0.004686174422503081,0.004686174422503081,75,inferential
largest_abs_mean_return_d5,5,credit_ratings,d5,abs_mean_return,0.003447322808877341,0.003447322808877341,31,inferential
largest_abs_mean_return_d5,6,business_updates,d5,abs_mean_return,0.0033135610458325106,0.0033135610458325106,682,inferential
largest_abs_mean_return_d5,7,board_governance,d5,abs_mean_return,0.000978996691628586,0.000978996691628586,351,inferential
largest_abs_mean_return_d5,8,capital_structure,d5,abs_mean_return,0.0006374028363634886,0.0006374028363634886,299,inferential
largest_abs_mean_return_d5,9,regulatory_compliance,d5,abs_mean_return,2.9247353945219e-05,2.9247353945219e-05,127,inferential
largest_abs_mean_return_d10,1,corporate_actions,d10,abs_mean_return,0.02532851551998743,0.02532851551998743,32,inferential
largest_abs_mean_return_d10,2,strategic_transactions,d10,abs_mean_return,0.021556401878245455,0.021556401878245455,129,inferential
largest_abs_mean_return_d10,3,investor_communication,d10,abs_mean_return,0.012840025456433363,0.012840025456433363,360,inferential
largest_abs_mean_return_d10,4,capital_structure,d10,abs_mean_return,0.007162414543720049,0.007162414543720049,298,inferential
largest_abs_mean_return_d10,5,business_updates,d10,abs_mean_return,0.0060327730049977565,0.0060327730049977565,681,inferential
largest_abs_mean_return_d10,6,board_governance,d10,abs_mean_return,0.004757633137264148,0.004757633137264148,349,inferential
largest_abs_mean_return_d10,7,credit_ratings,d10,abs_mean_return,0.004484994141338942,-0.004484994141338942,31,inferential
largest_abs_mean_return_d10,8,regulatory_compliance,d10,abs_mean_return,0.0025471961232322255,0.0025471961232322255,127,inferential
largest_abs_mean_return_d10,9,financial_results,d10,abs_mean_return,0.000528139833577363,0.000528139833577363,72,inferential
largest_abs_mean_return_d20,1,strategic_transactions,d20,abs_mean_return,0.04164233455067902,0.04164233455067902,127,inferential
largest_abs_mean_return_d20,2,credit_ratings,d20,abs_mean_return,0.020402198246844284,0.020402198246844284,31,inferential
largest_abs_mean_return_d20,3,investor_communication,d20,abs_mean_return,0.018547299983505232,0.018547299983505232,351,inferential
largest_abs_mean_return_d20,4,business_updates,d20,abs_mean_return,0.013629916591192816,0.013629916591192816,672,inferential
largest_abs_mean_return_d20,5,financial_results,d20,abs_mean_return,0.01284459641559681,0.01284459641559681,71,inferential
largest_abs_mean_return_d20,6,capital_structure,d20,abs_mean_return,0.010386842442898326,0.010386842442898326,297,inferential
largest_abs_mean_return_d20,7,regulatory_compliance,d20,abs_mean_return,0.009593112235507456,0.009593112235507456,121,inferential
largest_abs_mean_return_d20,8,corporate_actions,d20,abs_mean_return,0.00211417622602666,-0.00211417622602666,31,inferential
largest_abs_mean_return_d20,9,board_governance,d20,abs_mean_return,0.0017105483343774987,0.0017105483343774987,334,inferential
highest_mean_volume_ratio_5m,1,financial_results,5m,mean_volume_ratio,15.574006542715155,15.574006542715155,74,inferential
highest_mean_volume_ratio_5m,2,investor_communication,5m,mean_volume_ratio,3.913147838530079,3.913147838530079,364,inferential
highest_mean_volume_ratio_5m,3,strategic_transactions,5m,mean_volume_ratio,3.4848530530569226,3.4848530530569226,128,inferential
highest_mean_volume_ratio_5m,4,business_updates,5m,mean_volume_ratio,2.9668930154668924,2.9668930154668924,677,inferential
highest_mean_volume_ratio_5m,5,regulatory_compliance,5m,mean_volume_ratio,2.692920034542261,2.692920034542261,126,inferential
highest_mean_volume_ratio_5m,6,board_governance,5m,mean_volume_ratio,2.1248077004137165,2.1248077004137165,349,inferential
highest_mean_volume_ratio_5m,7,corporate_actions,5m,mean_volume_ratio,2.0684676133967765,2.0684676133967765,31,inferential
highest_mean_volume_ratio_5m,8,credit_ratings,5m,mean_volume_ratio,1.3229858462745416,1.3229858462745416,30,inferential
highest_mean_volume_ratio_5m,9,capital_structure,5m,mean_volume_ratio,1.2685607897321536,1.2685607897321536,294,inferential
highest_mean_volume_ratio_30m,1,financial_results,30m,mean_volume_ratio,9.220972191489714,9.220972191489714,72,inferential
highest_mean_volume_ratio_30m,2,investor_communication,30m,mean_volume_ratio,3.216809001115168,3.216809001115168,358,inferential
highest_mean_volume_ratio_30m,3,strategic_transactions,30m,mean_volume_ratio,2.7224570179845102,2.7224570179845102,126,inferential
highest_mean_volume_ratio_30m,4,business_updates,30m,mean_volume_ratio,2.4553648975459303,2.4553648975459303,660,inferential
highest_mean_volume_ratio_30m,5,regulatory_compliance,30m,mean_volume_ratio,2.2267424406414893,2.2267424406414893,122,inferential
highest_mean_volume_ratio_30m,6,corporate_actions,30m,mean_volume_ratio,1.8779122805697148,1.8779122805697148,31,inferential
highest_mean_volume_ratio_30m,7,board_governance,30m,mean_volume_ratio,1.7827720218877816,1.7827720218877816,343,inferential
highest_mean_volume_ratio_30m,8,capital_structure,30m,mean_volume_ratio,1.324320584254609,1.324320584254609,285,inferential
highest_mean_volume_ratio_30m,9,credit_ratings,30m,mean_volume_ratio,1.0749680417723988,1.0749680417723988,30,inferential
highest_mean_volume_ratio_60m,1,financial_results,60m,mean_volume_ratio,6.411268915766399,6.411268915766399,70,inferential
highest_mean_volume_ratio_60m,2,investor_communication,60m,mean_volume_ratio,2.846247964597823,2.846247964597823,353,inferential
highest_mean_volume_ratio_60m,3,strategic_transactions,60m,mean_volume_ratio,2.461139667082151,2.461139667082151,124,inferential
highest_mean_volume_ratio_60m,4,business_updates,60m,mean_volume_ratio,2.2118303410660953,2.2118303410660953,649,inferential
highest_mean_volume_ratio_60m,5,regulatory_compliance,60m,mean_volume_ratio,2.0017727105248313,2.0017727105248313,114,inferential
highest_mean_volume_ratio_60m,6,corporate_actions,60m,mean_volume_ratio,1.808355994893396,1.808355994893396,31,inferential
highest_mean_volume_ratio_60m,7,board_governance,60m,mean_volume_ratio,1.6727690063922709,1.6727690063922709,336,inferential
highest_mean_volume_ratio_60m,8,capital_structure,60m,mean_volume_ratio,1.2393595517087326,1.2393595517087326,275,inferential
highest_mean_volume_ratio_60m,9,credit_ratings,60m,mean_volume_ratio,1.073489546949464,1.073489546949464,30,inferential
highest_mean_volume_ratio_session_close,1,financial_results,session_close,mean_volume_ratio,3.8726352275936846,3.8726352275936846,75,inferential
highest_mean_volume_ratio_session_close,2,strategic_transactions,session_close,mean_volume_ratio,2.1733699699031295,2.1733699699031295,128,inferential
highest_mean_volume_ratio_session_close,3,investor_communication,session_close,mean_volume_ratio,1.9428992121654336,1.9428992121654336,365,inferential
highest_mean_volume_ratio_session_close,4,business_updates,session_close,mean_volume_ratio,1.704801730172731,1.704801730172731,681,inferential
highest_mean_volume_ratio_session_close,5,regulatory_compliance,session_close,mean_volume_ratio,1.647658888530227,1.647658888530227,126,inferential
highest_mean_volume_ratio_session_close,6,board_governance,session_close,mean_volume_ratio,1.3834342979901293,1.3834342979901293,351,inferential
highest_mean_volume_ratio_session_close,7,corporate_actions,session_close,mean_volume_ratio,1.3180530885870523,1.3180530885870523,31,inferential
highest_mean_volume_ratio_session_close,8,capital_structure,session_close,mean_volume_ratio,1.1691765245364973,1.1691765245364973,297,inferential
highest_mean_volume_ratio_session_close,9,credit_ratings,session_close,mean_volume_ratio,1.094649230528634,1.094649230528634,31,inferential
highest_mean_range_5m,1,financial_results,5m,mean_range,0.02405837058636104,0.02405837058636104,74,inferential
highest_mean_range_5m,2,strategic_transactions,5m,mean_range,0.014563588786940855,0.014563588786940855,129,inferential
highest_mean_range_5m,3,business_updates,5m,mean_range,0.0121123238736259,0.0121123238736259,683,inferential
highest_mean_range_5m,4,investor_communication,5m,mean_range,0.011776693370326398,0.011776693370326398,369,inferential
highest_mean_range_5m,5,corporate_actions,5m,mean_range,0.011145191894391572,0.011145191894391572,32,inferential
highest_mean_range_5m,6,board_governance,5m,mean_range,0.010231310809930961,0.010231310809930961,350,inferential
highest_mean_range_5m,7,regulatory_compliance,5m,mean_range,0.009776434165651144,0.009776434165651144,128,inferential
highest_mean_range_5m,8,credit_ratings,5m,mean_range,0.009029484846743457,0.009029484846743457,30,inferential
highest_mean_range_5m,9,capital_structure,5m,mean_range,0.006457997566310501,0.006457997566310501,297,inferential
highest_mean_range_30m,1,financial_results,30m,mean_range,0.031122210852810504,0.031122210852810504,72,inferential
highest_mean_range_30m,2,strategic_transactions,30m,mean_range,0.019923403035568107,0.019923403035568107,127,inferential
highest_mean_range_30m,3,business_updates,30m,mean_range,0.016703732623467464,0.016703732623467464,666,inferential
highest_mean_range_30m,4,investor_communication,30m,mean_range,0.0164819091543545,0.0164819091543545,363,inferential
highest_mean_range_30m,5,corporate_actions,30m,mean_range,0.01587206730346722,0.01587206730346722,32,inferential
highest_mean_range_30m,6,board_governance,30m,mean_range,0.014840597052022004,0.014840597052022004,344,inferential
highest_mean_range_30m,7,regulatory_compliance,30m,mean_range,0.014400228381743893,0.014400228381743893,123,inferential
highest_mean_range_30m,8,credit_ratings,30m,mean_range,0.01286812481350431,0.01286812481350431,30,inferential
highest_mean_range_30m,9,capital_structure,30m,mean_range,0.009716230228289248,0.009716230228289248,288,inferential
highest_mean_range_60m,1,financial_results,60m,mean_range,0.033494017762448286,0.033494017762448286,70,inferential
highest_mean_range_60m,2,strategic_transactions,60m,mean_range,0.022421306254903343,0.022421306254903343,125,inferential
highest_mean_range_60m,3,investor_communication,60m,mean_range,0.01927036808177121,0.01927036808177121,356,inferential
highest_mean_range_60m,4,business_updates,60m,mean_range,0.01910377198746984,0.01910377198746984,655,inferential
highest_mean_range_60m,5,corporate_actions,60m,mean_range,0.01863696401098399,0.01863696401098399,32,inferential
highest_mean_range_60m,6,regulatory_compliance,60m,mean_range,0.01765403840509746,0.01765403840509746,115,inferential
highest_mean_range_60m,7,board_governance,60m,mean_range,0.017434631134418874,0.017434631134418874,337,inferential
highest_mean_range_60m,8,credit_ratings,60m,mean_range,0.015070709216627903,0.015070709216627903,30,inferential
highest_mean_range_60m,9,capital_structure,60m,mean_range,0.01144338457735243,0.01144338457735243,277,inferential
highest_mean_range_session_close,1,financial_results,session_close,mean_range,0.0397488920176878,0.0397488920176878,75,inferential
highest_mean_range_session_close,2,strategic_transactions,session_close,mean_range,0.03374313368045802,0.03374313368045802,129,inferential
highest_mean_range_session_close,3,investor_communication,session_close,mean_range,0.027289296406568672,0.027289296406568672,370,inferential
highest_mean_range_session_close,4,business_updates,session_close,mean_range,0.026416609130305687,0.026416609130305687,687,inferential
highest_mean_range_session_close,5,regulatory_compliance,session_close,mean_range,0.025787191840367887,0.025787191840367887,128,inferential
highest_mean_range_session_close,6,board_governance,session_close,mean_range,0.02442990953006252,0.02442990953006252,352,inferential
highest_mean_range_session_close,7,corporate_actions,session_close,mean_range,0.023465085437643286,0.023465085437643286,32,inferential
highest_mean_range_session_close,8,credit_ratings,session_close,mean_range,0.021916572755607662,0.021916572755607662,31,inferential
highest_mean_range_session_close,9,capital_structure,session_close,mean_range,0.01741136035397859,0.01741136035397859,300,inferential
