subject_group,announcement_count,cluster_count,independent_event_count,financial_result_announcements,analysis_status
board_governance,367,352,352,0,inferential
business_updates,723,688,688,0,inferential
capital_structure,577,300,300,0,inferential
corporate_actions,32,32,32,0,inferential
credit_ratings,34,32,32,0,inferential
financial_results,93,75,75,93,inferential
investor_communication,421,370,370,0,inferential
regulatory_compliance,129,128,128,0,inferential
strategic_transactions,154,129,129,0,inferential
